-- MySQL dump 10.11
--
-- Host: localhost    Database: dms8
-- ------------------------------------------------------
-- Server version	5.0.77-log

/*!40101 SET @OLD_CHARACTER_SET_CLIENT=@@CHARACTER_SET_CLIENT */;
/*!40101 SET @OLD_CHARACTER_SET_RESULTS=@@CHARACTER_SET_RESULTS */;
/*!40101 SET @OLD_COLLATION_CONNECTION=@@COLLATION_CONNECTION */;
/*!40101 SET NAMES utf8 */;
/*!40103 SET @OLD_TIME_ZONE=@@TIME_ZONE */;
/*!40103 SET TIME_ZONE='+00:00' */;
/*!40014 SET @OLD_UNIQUE_CHECKS=@@UNIQUE_CHECKS, UNIQUE_CHECKS=0 */;
/*!40014 SET @OLD_FOREIGN_KEY_CHECKS=@@FOREIGN_KEY_CHECKS, FOREIGN_KEY_CHECKS=0 */;
/*!40101 SET @OLD_SQL_MODE=@@SQL_MODE, SQL_MODE='NO_AUTO_VALUE_ON_ZERO' */;
/*!40111 SET @OLD_SQL_NOTES=@@SQL_NOTES, SQL_NOTES=0 */;

--
-- Table structure for table `files`
--

DROP TABLE IF EXISTS `files`;
SET @saved_cs_client     = @@character_set_client;
SET character_set_client = utf8;
CREATE TABLE `files` (
  `fileid` int(10) NOT NULL auto_increment,
  `cid` int(10) NOT NULL,
  `tid` int(10) NOT NULL default '0',
  `hashed` int(25) NOT NULL default '0',
  `downloads` int(10) unsigned NOT NULL default '0',
  `filename` varchar(250) NOT NULL,
  `displayname` varchar(250) NOT NULL,
  `path` varchar(250) NOT NULL default '0',
  `mime` varchar(25) NOT NULL,
  `size` int(10) NOT NULL,
  `online` tinyint(1) NOT NULL default '0',
  `deleted` tinyint(1) default '0',
  PRIMARY KEY  (`fileid`),
  KEY `fileid` (`fileid`),
  KEY `FK_files_type` (`tid`),
  KEY `FK_files_category` (`cid`),
  KEY `Index 5` (`hashed`),
  KEY `Index 6` (`online`),
  KEY `Index 7` (`deleted`),
  CONSTRAINT `FK_files_category` FOREIGN KEY (`cid`) REFERENCES `files_category` (`categoryid`),
  CONSTRAINT `FK_files_type` FOREIGN KEY (`tid`) REFERENCES `files_type` (`typeid`)
) ENGINE=InnoDB AUTO_INCREMENT=182 DEFAULT CHARSET=latin1;
SET character_set_client = @saved_cs_client;

--
-- Dumping data for table `files`
--

LOCK TABLES `files` WRITE;
/*!40000 ALTER TABLE `files` DISABLE KEYS */;
INSERT INTO `files` VALUES (1,2,4,290047532,0,'BIOFUELSINBRAZILGOMEZWHIX2007PDF.pdf','Biofuels in Brazil_Gomez_WHIX_2007.pdf','uploads/2010/12/06/','application/pdf',586842,1,0),(2,1,4,0,0,'CONSTRUCTEDWETLANDSFORTREATMENTOFWASTEWATERKATSENOVICHWHIX2007PDF.pdf','Constructed Wetlandsfor Treatment of Wastewater_Katsenovich_WHIX_2007.pdf','uploads/2010/12/06/','application/pdf',544831,1,0),(3,2,4,275339457,0,'ENVIRONMENTALANDRENEWABLEENERGYOPPORTUNITIESINTHEANDEANRIDGEPASCUAL2008PDF.pdf','Environmental and Renewable Energy Opportunities in the Andean Ridge_Pascual_2008.pdf','uploads/2010/12/06/','application/pdf',820788,1,0),(4,1,4,618964578,0,'H2GOMANUALSPANISHPDF.pdf','H2Go Manual_Spanish.pdf','uploads/2010/12/06/','application/pdf',1351439,1,0),(5,1,4,656297204,0,'H2HGOMANUALENGLISHPDF.pdf','H2HGo Manual_English.pdf','uploads/2010/12/06/','application/pdf',1034484,1,0),(6,1,4,0,0,'MOBILEWATERUNITMANUALENGLISHPDF.pdf','Mobile Water Unit  Manual _English.pdf','uploads/2010/12/06/','application/pdf',4787704,1,0),(7,2,1,0,0,'CRISISELECTRICAYAGUAENVENEZUELAAIPOP2009PDF.pdf','Crisis electrica y agua en Venezuela_AIPOP_2009.pdf','uploads/2010/12/06/','application/pdf',2674464,1,0),(8,2,1,795488751,0,'DODENERGYCHALLENGENDULOVINSPDF.pdf','DoD Energy Challenge_NDU-lovins.pdf','uploads/2010/12/06/','application/pdf',728401,1,0),(9,4,1,0,0,'EFFECTSOFGLOBALCLIMATECHANGEONDISEASETSAI2005PDF.pdf','effects of global climate change on disease_tsai_2005.pdf','uploads/2010/12/06/','application/pdf',69972,1,0),(10,3,1,1371737128,0,'FOODINSECURITYBARRETTJUNE2009PDF.pdf','Food Insecurity_Barrett_June2009.pdf','uploads/2010/12/06/','application/pdf',147016,1,0),(11,3,1,1718333529,0,'FOODSECURITYANDGLOBALENVCHANGEERICKSENINGRAMANDLIVERMAN2009PDF.pdf','Food Security and Global Env Change_ ericksen-ingram-and-liverman-2009.pdf','uploads/2010/12/06/','application/pdf',218093,1,0),(12,4,1,0,0,'FUTUREFLOODSOFREFUGEESCLIMATECHANGENRC2008PDF.pdf','Future Floods of Refugees_climate change_NRC_2008.pdf','uploads/2010/12/06/','application/pdf',2486307,1,0),(13,2,1,0,0,'GEOPOLITICSOFENERGYPASCUALPDF.pdf','geopolitics of energy_pascual.pdf','uploads/2010/12/06/','application/pdf',286130,1,0),(14,1,1,0,0,'GLOBALWATERFUTURESPETERSONCSIS2008PDF.pdf','Global Water Futures_peterson_CSIS_2008.pdf','uploads/2010/12/06/','application/pdf',4848638,1,0),(15,4,1,0,0,'IMPACTOFCLIMATECHANGEFRICASMARTZ2007PDF.pdf','Impact of Climate Change_Fricas_Martz_2007.pdf','uploads/2010/12/06/','application/pdf',116187,1,0),(16,4,1,1893148719,0,'IMPACTSOFCLIMATECHANGEINLATINAMERICACARLOSNOBRE2006PDF.pdf','impacts_of_climate_change_in_latin_america_-_carlos_nobre_2006.pdf','uploads/2010/12/06/','application/pdf',1832969,1,0),(17,4,1,0,0,'MAPPINGDISASTERSPNADS389PDF.pdf','Mapping Disasters_PNADS389.pdf','uploads/2010/12/06/','application/pdf',1199537,1,0),(18,4,1,0,0,'POPULATIONMOBILITYANDLANDUSEINTHEAMAZONBARBIERI2006PDF.pdf','Population Mobility and Land Use in the Amazon_Barbieri_2006.pdf','uploads/2010/12/06/','application/pdf',75379,1,0),(19,2,1,646345380,0,'RENEWABLEENERGYFUTUREINTHEDEVELOPINGWORLDHOLMISES2005PDF.pdf','Renewable Energy Future in the Developing World_Holm_ISES_2005.pdf','uploads/2010/12/06/','application/pdf',1466939,1,0),(20,2,1,540254675,0,'THECARDOSALULAPARADIGMFORGROWTHANDENERGYSECURITYMARES2009PDF.pdf','The Cardosa Lula Paradigm for Growth and Energy Security_Mares_2009.pdf','uploads/2010/12/06/','application/pdf',371783,1,0),(21,1,1,0,0,'TRENDSINMANAGEMENTOFWATERRESOURCESFAOORGNRWATERAQUASTATREGIONSLACINDEX7PDF.pdf','Trends in Management of Water Resources_fao.org_nr_water_aquastat_regions_lac_index7.pdf','uploads/2010/12/06/','application/pdf',96641,1,0),(22,1,1,0,0,'WATERANDLANDINLACGLOBALPOLICIESANDSTRATEGIESWILKINSON2010PDF.pdf','Water and Land in LAC_Global Policies and strategies_Wilkinson_2010.pdf','uploads/2010/12/06/','application/pdf',538258,1,0),(23,4,1,1100187243,0,'WATERSCARCITYANDCLIMATECHANGERISKFORBUSINESSCERES2009PDF.pdf','water scarcity and climate change_risk for business_CERES_2009.pdf','uploads/2010/12/06/','application/pdf',1010133,1,0),(24,1,2,1565556936,0,'ACESSTOWATERMAPWBPDF.pdf','Acess to water map_WB.pdf','uploads/2010/12/06/','application/pdf',2348724,1,0),(25,4,2,688779405,0,'BEGINNINGASSESSMENTOFDISPLACEDPOPLUATIONSPDF.pdf','Beginning Assessment of Displaced popluations.pdf','uploads/2010/12/06/','application/pdf',45449,1,0),(26,3,2,0,0,'CHILDMALNUTRITIONMAPLACIESIN2005PDF.pdf','Child Malnutrition Map LA_CIESIN_2005.pdf','uploads/2010/12/06/','application/pdf',297531,1,0),(27,2,2,229236268,0,'ENERGYINDICATORSMAPWWWIEAORGPDF.pdf','Energy Indicators Map_ www.iea.org.pdf','uploads/2010/12/06/','application/pdf',94816,1,0),(28,2,2,0,0,'ENERGYSECURITYINLAGOLDWYNTESTIMONY2006PDF.pdf','Energy Security in LA_GoldwynTestimony_2006.pdf','uploads/2010/12/06/','application/pdf',49695,1,0),(29,1,2,497593372,0,'GLOBALFLOODDETECTIONSYSTEMWWWGDACSORG2007PDF.pdf','Global Flood Detection System_www.gdacs.org_2007.pdf','uploads/2010/12/06/','application/pdf',6535102,1,0),(30,4,2,0,0,'HUMANSECURITYCLIMATECHANGEANDMIGRATIONUNUNIVERSITY2008PDF.pdf','Human Security, Climate Change and Migration_UN University_2008.pdf','uploads/2010/12/06/','application/pdf',2873423,1,0),(31,4,2,0,0,'ICEANDSEALEVELCHANGECHURCHPDF.pdf','Ice and Sea Level Change_Church.pdf','uploads/2010/12/06/','application/pdf',6290713,1,0),(32,1,2,1176515982,0,'IRWMLOANPERUIDBPDF.pdf','IRWM loan_peru_IDB.pdf','uploads/2010/12/06/','application/pdf',160234,1,0),(33,4,2,0,0,'NATIONALSECURITYIMPLICATIONSONCLIMATECHANGETHRU2030NIA2008PDF.pdf','National Security Implications on Climate Change thru 2030_NIA_2008.pdf','uploads/2010/12/06/','application/pdf',116454,1,0),(34,1,2,0,0,'PROJECTEDGLOBALWATERSCARCITY2025MAPPDF.pdf','projected global water scarcity 2025 map.pdf','uploads/2010/12/06/','application/pdf',114144,1,0),(35,2,2,0,0,'STATISTICALREVIEWOFWORLDENERGYBPFULLREPORT2009PDF.pdf','statistical review of world energy_BP_full_report_2009.pdf','uploads/2010/12/06/','application/pdf',5398682,1,0),(36,1,2,1890186344,0,'TOTALRENEWABLEWATERRESOURCESMAPFAOORGPDF.pdf','Total renewable Water Resources Map_fao.org.pdf','uploads/2010/12/06/','application/pdf',87895,1,0),(37,4,2,247288676,0,'TROPICALDISEASEANDCLIMATECHANGEGRAPHUNEPPDF.pdf','tropical disease and climate change graph_UNEP.pdf','uploads/2010/12/06/','application/pdf',254598,1,0),(38,1,3,0,0,'EMERGINGISSUESINWATERANDINFECTIOUSDISEASESWHO2003PDF.pdf','emerging issues in water and infectious diseases_WHO_2003.pdf','uploads/2010/12/06/','application/pdf',400034,1,0),(39,2,3,2047799861,0,'ENERGYDEVELOPMENTANDCLIMATECHANGEIPIECA2002PDF.pdf','Energy Development and Climate Change_IPIECA_2002.pdf','uploads/2010/12/06/','application/pdf',3167099,1,0),(40,1,3,0,0,'LACWATERTRENDSUNEP2002PDF.pdf','LAC water trends_UNEP_2002.pdf','uploads/2010/12/06/','application/pdf',456539,1,0),(41,1,3,766161369,0,'WATERQUALITYOUTLOOKUNEP2004PDF.pdf','water quality outlook_UNEP_2004.pdf','uploads/2010/12/06/','application/pdf',1470924,1,0),(42,1,3,0,0,'WATERRESOURCESMANAGEMENTOFTHEAMAZONBASINMCCLAINICEF1999PDF.pdf','Water Resources Management of the Amazon Basin_McClain.ICEF.1999.pdf','uploads/2010/12/06/','application/pdf',210462,1,0),(43,4,5,1988258382,0,'CLIMATECHANGEIMPACTONWORLDSCITIESUNHABITAT2009PDF.pdf','Climate Change Impact on Worlds Cities_UN HABITAT_2009.pdf','uploads/2010/12/06/','application/pdf',43849,1,0),(44,3,5,913538618,0,'FOODAGRICULTUREANDCITIESFAO2009PDF.pdf','Food Agriculture and Cities_FAO_2009.pdf','uploads/2010/12/06/','application/pdf',30795,1,0),(45,3,5,552036135,0,'FOODCRISISINLAOAKLANDINSTITUTE2008PDF.pdf','Food Crisis in LA _Oakland Institute_2008.pdf','uploads/2010/12/06/','application/pdf',693837,1,0),(46,3,5,0,0,'FOODSITUATIONINLAFAOBULLETIN2008PDF.pdf','Food Situation in LA_FAO bulletin_2008.pdf','uploads/2010/12/06/','application/pdf',688629,1,0),(47,4,5,62389691,0,'FUTURETEMPCHNAGESEPAGOVPDF.pdf','Future Temp Chnages_epa.gov.pdf','uploads/2010/12/06/','application/pdf',213260,1,0),(48,3,5,-1741522278,0,'HAITIFOODSECURITYUPDATEFEWSNET2009PDF.pdf','Haiti food security update_FEWSNET_2009.pdf','uploads/2010/12/06/','application/pdf',1697077,1,0),(49,4,5,-342423290,0,'MELTDOWNINTHEMOUNTAINSUNEP2008PDF.pdf','Meltdown in the Mountains_UNEP_2008.pdf','uploads/2010/12/06/','application/pdf',71554,1,0),(50,4,5,-786799661,0,'NINEWAYSNASACANTACKLECLIMATECHANGEWWWSCIENTIFICAMERICANCOM2010PDF.pdf','Nine ways NASA can tackle climate change_www.scientificamerican.com_2010.pdf','uploads/2010/12/06/','application/pdf',71773,1,0),(51,4,5,-228259310,0,'WHATISGEOENGINEERINGSCIENTIFICAMERICA2010PDF.pdf','What is Geoengineering_Scientific America_2010.pdf','uploads/2010/12/06/','application/pdf',83970,1,0),(52,5,2,783375777,0,'CITIESANDPUBLICHEALTHCRISISFRWHO20095PDF.pdf','Cities and Public Health Crisis_FRWHO_2009.5.pdf','uploads/2010/12/06/','application/pdf',3946123,1,0),(53,5,2,-319506153,0,'TBMAPPDF.pdf','TB map.pdf','uploads/2010/12/06/','application/pdf',2352868,1,0),(54,5,2,775808613,0,'CHOLERAMAPPDF.pdf','cholera map.pdf','uploads/2010/12/06/','application/pdf',1344303,1,0),(55,3,2,-2090746544,0,'COUNTRYNOTEBOLIVIAPDF.pdf','Country_Note_Bolivia.pdf','uploads/2010/12/07/','application/pdf',136192,1,0),(56,8,1,1720230406,0,'CAUSESFORINADEQUATEHOUSINGINLADUNCANPDF.pdf','Causes for inadequate housing in LA_Duncan.pdf','uploads/2010/12/07/','application/pdf',1039773,1,0),(57,7,1,1070837557,0,'CRITICALTHEORYOFESMYERHOFF2006PDF.pdf','Critical Theory of ES_Myerhoff_2006.pdf','uploads/2010/12/07/','application/pdf',516632,1,0),(58,8,1,-150975854,0,'ENVREFUGEESMYERS2005PDF.pdf','ENV Refugees_Myers_2005.pdf','uploads/2010/12/07/','application/pdf',22549,1,0),(59,7,1,-495051003,0,'GLOBALFORECASTINGMODELSTABILITYFACTORSGMU2005PDF.pdf','Global forecasting model _stability factors_gmu_2005.pdf','uploads/2010/12/07/','application/pdf',177827,1,0),(60,6,1,-1261534979,0,'MAPPINGDISASTERSPNADS389PDF.pdf','Mapping Disasters_PNADS389.pdf','uploads/2010/12/07/','application/pdf',1199537,1,0),(61,4,2,-389251937,0,'EACCFINALSYNTHESISREPORT08032010PDF.pdf','EACC_FinalSynthesisReport0803_2010.pdf','uploads/2010/12/07/','application/pdf',3006674,1,0),(62,7,1,-456876338,0,'SUSTAININGSECURITYCNASPARTHEMOREROGERS2010PDF.pdf','Sustaining Security_CNAS_Parthemore_Rogers_2010.pdf','uploads/2010/12/07/','application/pdf',1497800,1,0),(63,4,1,970288430,0,'VULNERABILITYANDASSESSMENTSUSCSPPDF.pdf','Vulnerability and Assessments_USCSP.pdf','uploads/2010/12/07/','application/pdf',888048,1,0),(64,5,1,-1759497411,0,'WHERETHEWILDTHINGSAREKARESH2009PDF.pdf','Where the Wild Things Are_Karesh_2009.pdf','uploads/2010/12/07/','application/pdf',52608,1,0),(65,7,2,658691412,0,'2009NATIONALINTELLIGENCESTRATEGYPDF.pdf','2009_National Intelligence Strategy.pdf','uploads/2010/12/07/','application/pdf',6012858,1,0),(66,8,2,688779405,0,'BEGINNINGASSESSMENTOFDISPLACEDPOPLUATIONSPDF.pdf','Beginning Assessment of Displaced popluations.pdf','uploads/2010/12/07/','application/pdf',45449,1,0),(67,5,2,783375777,0,'CITIESANDPUBLICHEALTHCRISISFRWHO20095PDF.pdf','Cities and Public Health Crisis_FRWHO_2009.5.pdf','uploads/2010/12/07/','application/pdf',3946123,1,0),(68,8,2,171297988,0,'CITIESWITHOUTSLUMSACTIONPLANWBPDF.pdf','Cities Without Slums ActionPlan_WB.pdf','uploads/2010/12/07/','application/pdf',2140976,1,0),(69,7,2,-1787377439,0,'DNIANNUALTHREATASSESSMENTBLAIR2009PDF.pdf','DNI Annual Threat Assessment_Blair_2009.pdf','uploads/2010/12/07/','application/pdf',240214,1,0),(70,7,2,1017074780,0,'DODD471501PPDF.pdf','DODD471501p.pdf','uploads/2010/12/07/','application/pdf',91836,1,0),(71,6,2,447968905,0,'MAPPINGVULNERABILITYTODISASTERINLATINAMERICAUSGSPDF.pdf','Mapping Vulnerability to Disaster in Latin America_USGS.pdf','uploads/2010/12/07/','application/pdf',1428148,1,0),(72,6,2,1084370915,0,'MONITORINGDISASTERDISPLACEMENTOCHA2007PDF.pdf','monitoring disaster displacement_OCHA_2007.pdf','uploads/2010/12/07/','application/pdf',773723,1,0),(73,8,2,653901149,0,'POPULATIONSTATSWORLDPOPULATIONBUREAU2009PDF.pdf','Population Stats_World Population Bureau_2009.pdf','uploads/2010/12/07/','application/pdf',693253,1,0),(74,8,2,-1480254759,0,'POVERTYRATEMAPWBPDF.pdf','Poverty Rate Map_WB.pdf','uploads/2010/12/07/','application/pdf',787097,1,0),(75,7,2,1745796999,0,'QDRFEB2010PDF.pdf','QDR (Feb 2010).pdf','uploads/2010/12/07/','application/pdf',7225995,1,0),(76,3,2,645753080,0,'STATEOFTHEWORLDSFORESTSFAO2005REPORTPDF.pdf','State of the Worlds Forests_FAO 2005 Report.pdf','uploads/2010/12/07/','application/pdf',2311665,1,0),(77,5,2,90846740,0,'STRATEGICIMPLICATIONSOFGLOBALHEALTHNIC2008PDF.pdf','Strategic Implications of Global Health_NIC_2008.pdf','uploads/2010/12/07/','application/pdf',770254,1,0),(78,7,2,1653239171,0,'SUSTAINTHEMISSIONFINALTECHNICALREPORTAEPI2008PDF.pdf','Sustain the Mission Final Technical Report_AEPI_2008.pdf','uploads/2010/12/07/','application/pdf',418148,1,0),(79,8,2,641596464,0,'WOMENSLUMSANDURBANISATIONREPORTCOHRE2008PDF.pdf','Women Slums and Urbanisation Report_COHRE_2008.pdf','uploads/2010/12/07/','application/pdf',2992751,1,0),(80,7,3,736023551,0,'ENVIRONMENTALSECURITYKLUBNIKINCAUSEY12002PDF.pdf','Environmental Security _Klubnikin-Causey[1]_2002.pdf','uploads/2010/12/07/','application/pdf',164939,1,0),(81,7,3,-837727360,0,'ESEXECSEC1995PDF.pdf','ES_execsec_1995.pdf','uploads/2010/12/07/','application/pdf',93245,1,0),(82,7,3,-955091249,0,'MAPPINGTHEGLOBALFUTURE2010NIC2004PDF.pdf','Mapping the Global Future 2010_NIC_2004.pdf','uploads/2010/12/07/','application/pdf',7617333,1,0),(83,8,3,847403792,0,'PLANETOFSLUMSDAVIS2004PDF.pdf','Planet of Slums_Davis_ 2004.pdf','uploads/2010/12/07/','application/pdf',193003,1,0),(84,7,3,780951648,0,'REDEFININGNATIONALSECURITYBROWN1977PDF.pdf','Redefining National Security_Brown_1977.pdf','uploads/2010/12/07/','application/pdf',1713560,1,0),(85,7,4,-426535929,0,'ENVIRONMENTALSITEASSESSMENTOFMILITARYINSTALLATIONSINLACCEPEROWHIX2008PDF.pdf','Environmental Site Assessment of Military Installations in LAC_Cepero_WHIX_2008.pdf','uploads/2010/12/07/','application/pdf',980080,1,0),(86,6,4,-271653812,0,'FLOODANDMUDFLOWHAZARDMAPSGARCIA2007PDF.pdf','Flood and Mudflow HazardMaps_Garcia_2007.pdf','uploads/2010/12/07/','application/pdf',1224235,1,0),(87,6,4,-259719005,0,'GISASSESSMENTFORLACLAWRENCEWHIX2007PDF.pdf','GIS Assessment for LAC_Lawrence_WHIX_2007.pdf','uploads/2010/12/07/','application/pdf',801020,1,0),(88,7,4,522545431,0,'HAITIINFRASTRUCTUREASSESSMENTWILSON2008PDF.pdf','Haiti Infrastructure Assessment_Wilson_2008.pdf','uploads/2010/12/07/','application/pdf',886712,1,0),(89,7,4,-46595713,0,'POTENTIALOPPORTUNITIESFORENGAGEMENTINCENTRALAMERICAPASCUAL2008PDF.pdf','Potential Opportunities for Engagement in Central America_Pascual_2008.pdf','uploads/2010/12/07/','application/pdf',900258,1,0),(90,7,4,-20056062,0,'WESTERNHEMISPHEREMILITARYGOALSREQUIREMENTSISSUESANDCAPABILITIESPASCUAL2008PDF.pdf','Western Hemisphere Military Goals Requirements Issues and Capabilities_Pascual_2008.pdf','uploads/2010/12/07/','application/pdf',814649,1,0),(91,7,4,352932038,0,'WHIXPILOTLESSONSLEARNEDPASCUAL2008PDF.pdf','WHIX Pilot Lessons Learned_Pascual_2008.pdf','uploads/2010/12/07/','application/pdf',554350,1,0),(92,1,1,1207357214,0,'ALPINELAKESANDGLACIERSINPERUSPANG2006PDF.pdf','Alpine Lakes and Glaciers in Peru _Spang_2006.pdf','uploads/2010/12/07/','application/pdf',750105,1,0),(93,7,4,-1219899209,0,'ASISPROFILEPERUWHIX2005PDF.pdf','As Is Profile_Peru_WHIX_2005.pdf','uploads/2010/12/07/','application/pdf',1608706,1,0),(94,4,1,-479705228,0,'ASSESSINGPOTENTIALECONOMICCONSEQUENCESOFCCINLACTOBAWB2007PDF.pdf','Assessing Potential Economic Consequences of CC in LAC_Toba_WB_2007.pdf','uploads/2010/12/07/','application/pdf',365808,1,0),(95,7,5,-373538988,0,'CIVILRESISTANCEGROUPSCHOCOCOLOMBIAIPS2007PDF.pdf','Civil Resistance Groups_Choco Colombia_IPS_2007.pdf','uploads/2010/12/07/','application/pdf',83216,1,0),(96,1,3,-88923500,0,'ELSALVADORBIODIVERSITYFORESTRYWATERREPORTUSAID2004PDF.pdf','El Salvador Biodiversity Forestry Water Report_USAID_2004.pdf','uploads/2010/12/07/','application/pdf',1099976,1,0),(97,2,2,1455285032,0,'ENERGYSTRATEGYFORINSTALLATIONSUSARMY2005PDF.pdf','Energy Strategy for Installations_US Army_2005.pdf','uploads/2010/12/07/','application/pdf',1348167,1,0),(98,8,1,-849375663,0,'GLOBALPERSPECTIVEONFORCEDMIGRATIONCASTLES2004PDF.pdf','Global Perspective on Forced Migration_Castles_2004.pdf','uploads/2010/12/07/','application/pdf',160067,1,0),(99,3,1,162863635,0,'GOVERNINGFOODSYSTEMSINGLOBALENVIRONMENTCHANGELIVERMAN2009PDF.pdf','Governing Food Systems in Global Environment Change_Liverman_2009.pdf','uploads/2010/12/07/','application/pdf',117850,1,0),(100,1,2,-208747757,0,'GUARANIAQUIFERPROJECTAPPRAISALDOCUMENTGEF2002PDF.pdf','guarani aquifer project appraisal document_GEF_2002.pdf','uploads/2010/12/07/','application/pdf',501165,1,0),(101,8,2,-1528005781,0,'HUMANDEVELOPMENTREPORTUN2005PDF.pdf','Human Development Report_UN_2005.pdf','uploads/2010/12/07/','application/pdf',6467931,1,0),(102,8,2,-1790989579,0,'HUMANDEVELOPMENTREPORTUN2005SPANISHPDF.pdf','Human Development Report_UN_2005_Spanish.pdf','uploads/2010/12/07/','application/pdf',6561344,1,0),(103,8,2,-2076000116,0,'HUMANDEVELOPMENTREPORTUN2006SPANISHPDF.pdf','Human Development Report_UN_2006_Spanish.pdf','uploads/2010/12/07/','application/pdf',5235296,1,0),(104,8,2,-213684700,0,'HUMANDEVELOPMENTREPORTUN2009PDF.pdf','Human Development Report_UN_2009.pdf','uploads/2010/12/07/','application/pdf',3977693,1,0),(105,8,2,-792067311,0,'HUMANDEVELOPMENTREPORTUN2009SPANISHPDF.pdf','Human Development Report_UN_2009_Spanish.pdf','uploads/2010/12/07/','application/pdf',3830247,1,0),(106,8,2,319757498,0,'HUMANDEVELOPMENTREPORTUN20072008SPANISHPDF.pdf','Human Development Report_UN_20072008_Spanish.pdf','uploads/2010/12/07/','application/pdf',7111668,1,0),(107,4,1,-756950991,0,'IMPLICATIONSOFCCFORARMEDCONFLICTBUHAUG2008PDF.pdf','Implications of CC for Armed Conflict_Buhaug_2008.pdf','uploads/2010/12/07/','application/pdf',1867300,1,0),(108,2,2,186300128,0,'INTLOUTLOOK2009EIA2009PDF.pdf','INTL OUTLOOK 2009_EIA_2009.pdf','uploads/2010/12/07/','application/pdf',1511628,1,0),(109,7,2,-1755649976,0,'LA2020NIC2004PDF.pdf','LA 2020_NIC_2004.pdf','uploads/2010/12/07/','application/pdf',846667,1,0),(110,4,2,1113089920,0,'MEXICOCARIBCENTRALAMCLIMATECHANGEIMPACTTHROUGH2030NIC2010PDF.pdf','MexicoCaribCentralAm_climatechange impact through 2030_NIC_2010.pdf','uploads/2010/12/07/','application/pdf',400361,1,0),(111,1,5,798373344,0,'OCEANCHEMISTRYNEWSREPORT2010PDF.pdf','ocean chemistry news report_2010.pdf','uploads/2010/12/07/','application/pdf',45199,1,0),(112,2,5,-815574311,0,'OILPALMSRIGHTSABUSESCOLOMBIAIPS2009PDF.pdf','Oil Palms, Rights Abuses_Colombia_IPS_2009.pdf','uploads/2010/12/07/','application/pdf',88228,1,0),(113,2,5,1073096429,0,'OILSPILLDEVASTATESTHEAMAZONINPERUHILL2010PDF.pdf','Oil Spill Devastates the Amazon in Peru_Hill_2010.pdf','uploads/2010/12/07/','application/pdf',85731,1,0),(114,2,2,-1291292663,0,'OUTLOOKFORENERGYTHROUGH2030EXXON2009PDF.pdf','Outlook for Energy through 2030_EXXON_ 2009.pdf','uploads/2010/12/07/','application/pdf',3664962,1,0),(115,2,5,1884385677,0,'PALMPLANTERSANDDISPLACEDPERSONSWAITFORNEWGOVERNMENTCOLOMBIAIPS2010PDF.pdf','Palm Planters and Displaced Persons Wait for New Government_Colombia_IPS_ 2010.pdf','uploads/2010/12/07/','application/pdf',81908,1,0),(116,2,5,-1125971671,0,'PERUPROTESTLEADERTAKESREFUGEBBC2009PDF.pdf','Peru Protest Leader Takes Refuge_BBC_2009.pdf','uploads/2010/12/07/','application/pdf',237059,1,0),(117,4,1,-763779837,0,'RISKANDPOVERTYINACHANGINGCLIMATEUN2009PDF.pdf','Risk and Poverty in a Changing Climate_UN_2009.pdf','uploads/2010/12/07/','application/pdf',441535,1,0),(118,8,2,1657990084,0,'THEWORLDSWOMENDESA2010PDF.pdf','The Worlds Women_DESA_2010.pdf','uploads/2010/12/07/','application/pdf',7982395,1,0),(119,1,3,-1565713303,0,'TRANSBOUNDRYAQUIFERSOAS2004PDF.pdf','Transboundry Aquifers_OAS_2004.pdf','uploads/2010/12/07/','application/pdf',1488972,1,0),(120,2,2,882310814,0,'UNEPHANDBOOKFORDRAFTINGLAWSINREUNEP2007PDF.pdf','UNEP Handbook for Drafting Laws in RE_UNEP_2007.pdf','uploads/2010/12/07/','application/pdf',1037765,1,0),(121,1,5,-1887455393,0,'WATERSECTORREFORMINGUYANA2003PDF.pdf','Water Sector Reform in Guyana_2003.pdf','uploads/2010/12/07/','application/pdf',559642,1,0),(122,4,2,-1968700182,0,'IPCCAR4CHAP05FOODFIBREANDFORESTSPDF.pdf','IPCC_ar4_Chap 05_Food Fibre and Forests.pdf','uploads/2010/12/07/','application/pdf',941603,1,0),(123,4,2,352496724,0,'IPCCAR4CHAP06COASTALSYSTEMSPDF.pdf','IPCC_ar4_Chap 06_Coastal Systems.pdf','uploads/2010/12/07/','application/pdf',2036881,1,0),(124,4,2,-914272171,0,'IPCCAR4CHAP13LATINAMERICAPDF.pdf','IPCC_ar4_Chap 13_Latin America.pdf','uploads/2010/12/07/','application/pdf',1082484,1,0),(125,4,2,-265740013,0,'IPCCAR4CHAP16SMALLISLANDSPDF.pdf','IPCC_ar4_Chap 16_small islands.pdf','uploads/2010/12/07/','application/pdf',621484,1,0),(126,4,2,-1001814311,0,'IPCCAR4CHAP19ASSESSINGKEYVULNERABILITIESPDF.pdf','IPCC_ar4_Chap 19_Assessing Key Vulnerabilities.pdf','uploads/2010/12/07/','application/pdf',507169,1,0),(127,3,2,-1530799097,0,'USDAJUN2009PDF.pdf','USDA_Jun2009.pdf','uploads/2010/12/07/','application/pdf',1196994,1,0),(128,7,3,-1175136932,0,'COMMANDSTRATEGY2018PDF.pdf','Command strategy 2018.pdf','uploads/2010/12/07/','application/pdf',2685226,1,0),(129,2,5,-647219636,0,'ENERGYHUNGRYCHINASETSSIGHTSONLATHEWASHINGTONDIPLOMAT2008PDF.pdf','Energy Hungry China Sets Sights on LA_The Washington Diplomat_2008.pdf','uploads/2010/12/07/','application/pdf',63454,1,0),(130,2,4,2050147253,0,'SOLARTENTMANUALENGLISHPDF.pdf','Solar Tent Manual_English.pdf','uploads/2010/12/07/','application/pdf',4332133,1,0),(131,2,4,502399524,0,'SOLARTENTMANUALSPANISHPDF.pdf','Solar Tent Manual_Spanish.pdf','uploads/2010/12/07/','application/pdf',4424457,1,0),(132,5,5,-1073662616,0,'HAITICHOLERAUPDATE30NOVPDF.pdf','Haiti cholera update 30 Nov.pdf','uploads/2010/12/09/','application/pdf',149173,1,0),(133,7,4,-1388449266,0,'ASISCOUNTRYPROFILEPERUPDF.pdf','As Is Country Profile - Peru.pdf','uploads/2010/12/09/','application/pdf',1264664,1,0),(134,5,5,-127783018,0,'HAITCHOLERAMAP4DEC2010PDF.pdf','Hait Cholera Map_4 Dec 2010.pdf','uploads/2010/12/09/','application/pdf',565408,1,0),(135,7,4,2069588925,0,'ASISCOUNTRYPROFILESTLUCIAPDF.pdf','As Is Country  Profile-St. Lucia.pdf','uploads/2010/12/09/','application/pdf',1134009,1,0),(136,7,4,-1792356175,0,'ASISCOUNTRYPROFILESTVINCENTTHEGRENADINESPDF.pdf','As Is Country  Profile-St. Vincent & the Grenadines.pdf','uploads/2010/12/09/','application/pdf',1813282,1,0),(137,7,4,-1237077122,0,'ASISCOUNTRYPROFILEBOLIVIAPDF.pdf','As Is Country Profile - Bolivia.pdf','uploads/2010/12/09/','application/pdf',1381150,1,0),(138,7,4,-1368121987,0,'ASISCOUNTRYPROFILEANTIGUAANDBARBUDAPDF.pdf','As Is Country Profile-Antigua and Barbuda.pdf','uploads/2010/12/09/','application/pdf',2316385,1,0),(139,7,4,2083178835,0,'ASISCOUNTRYPROFILEARGENTINAPDF.pdf','As Is Country Profile-Argentina.pdf','uploads/2010/12/09/','application/pdf',3287082,1,0),(140,7,4,-1352103003,0,'ASISCOUNTRYPROFILEBAHAMASPDF.pdf','As Is Country Profile-Bahamas.pdf','uploads/2010/12/09/','application/pdf',2132002,1,0),(141,7,4,1956568544,0,'ASISCOUNTRYPROFILEBARBADOSPDF.pdf','As Is Country Profile-Barbados.pdf','uploads/2010/12/09/','application/pdf',813050,1,0),(142,7,4,174511101,0,'ASISCOUNTRYPROFILEBELIZEPDF.pdf','As Is Country Profile-Belize.pdf','uploads/2010/12/09/','application/pdf',3568037,1,0),(143,7,4,2131058475,0,'ASISCOUNTRYPROFILECANADAPDF.pdf','As Is Country Profile-Canada.pdf','uploads/2010/12/09/','application/pdf',2301544,1,0),(144,7,4,-1082995583,0,'ASISCOUNTRYPROFILECHILEPDF.pdf','As Is Country Profile-Chile.pdf','uploads/2010/12/09/','application/pdf',3270149,1,0),(145,7,4,-1674554032,0,'ASISCOUNTRYPROFILECOLOMBIAPDF.pdf','As Is Country Profile-Colombia.pdf','uploads/2010/12/09/','application/pdf',2796038,1,0),(146,7,4,1040678718,0,'ASISCOUNTRYPROFILECOSTARICAPDF.pdf','As Is Country Profile-Costa Rica.pdf','uploads/2010/12/09/','application/pdf',2318836,1,0),(147,7,4,-373904244,0,'ASISCOUNTRYPROFILECUBAPDF.pdf','As Is Country Profile-Cuba.pdf','uploads/2010/12/09/','application/pdf',2991820,1,0),(148,7,4,-1045024441,0,'ASISCOUNTRYPROFILEDOMINICAPDF.pdf','As Is Country Profile-Dominica.pdf','uploads/2010/12/09/','application/pdf',1865545,1,0),(149,7,4,-1070364422,0,'ASISCOUNTRYPROFILEECUADORPDF.pdf','As Is Country Profile-Ecuador.pdf','uploads/2010/12/09/','application/pdf',3095557,1,0),(150,7,4,946022904,0,'ASISCOUNTRYPROFILEELSALVADORPDF.pdf','As Is Country Profile-El Salvador.pdf','uploads/2010/12/09/','application/pdf',1909696,1,0),(151,7,4,1097091427,0,'ASISCOUNTRYPROFILEGRENADAPDF.pdf','As Is Country Profile-Grenada.pdf','uploads/2010/12/09/','application/pdf',2021761,1,0),(152,7,4,-1126060682,0,'ASISCOUNTRYPROFILEGUATEMALAPDF.pdf','As Is Country Profile-Guatemala.pdf','uploads/2010/12/09/','application/pdf',1493578,1,0),(153,7,4,-1572751128,0,'ASISCOUNTRYPROFILEGUYANAPDF.pdf','As Is Country Profile-Guyana.pdf','uploads/2010/12/09/','application/pdf',1351294,1,0),(154,7,4,-182803668,0,'ASISCOUNTRYPROFILEHAITIPDF.pdf','As Is Country Profile-Haiti.pdf','uploads/2010/12/09/','application/pdf',2268423,1,0),(155,7,4,-438840637,0,'ASISCOUNTRYPROFILEHONDURASPDF.pdf','As Is Country Profile-Honduras.pdf','uploads/2010/12/09/','application/pdf',3377947,1,0),(156,7,4,487676969,0,'ASISCOUNTRYPROFILEJAMAICAPDF.pdf','As Is Country Profile-Jamaica.pdf','uploads/2010/12/09/','application/pdf',2219183,1,0),(157,7,4,-1566942877,0,'ASISCOUNTRYPROFILEMEXICOPDF.pdf','As Is Country Profile-Mexico.pdf','uploads/2010/12/09/','application/pdf',3489979,1,0),(158,7,4,1470912190,0,'ASISCOUNTRYPROFILENICARAGUAPDF.pdf','As Is Country Profile-Nicaragua.pdf','uploads/2010/12/09/','application/pdf',1209920,1,0),(159,7,4,-630512796,0,'ASISCOUNTRYPROFILEPANAMAPDF.pdf','As Is Country Profile-Panama.pdf','uploads/2010/12/09/','application/pdf',1963606,1,0),(160,7,4,-175617474,0,'ASISCOUNTRYPROFILESTKITTSANDNEVISPDF.pdf','As Is Country Profile-St. Kitts and Nevis.pdf','uploads/2010/12/09/','application/pdf',1920774,1,0),(161,7,4,1719181718,0,'ASISCOUNTRYPROFILESURINAMEPDF.pdf','As Is Country Profile-Suriname.pdf','uploads/2010/12/09/','application/pdf',1301388,1,0),(162,7,4,192764805,0,'ASISCOUNTRYPROFILETRINIDADANDTOBAGOPDF.pdf','As Is Country Profile-Trinidad and Tobago.pdf','uploads/2010/12/09/','application/pdf',1217031,1,0),(163,7,4,2053188760,0,'ASISCOUNTRYPROFILEURUGUAYPDF.pdf','As Is Country Profile-Uruguay.pdf','uploads/2010/12/09/','application/pdf',3344571,1,0),(164,7,4,-325344794,0,'ASISCOUNTRYPROFILEVENEZUELAPDF.pdf','As Is Country Profile-Venezuela.pdf','uploads/2010/12/09/','application/pdf',1455985,1,0),(165,7,4,133430780,0,'ASISCOUNTRYREPORTPARAGUAYPDF.pdf','As Is Country Report-Paraguay.pdf','uploads/2010/12/09/','application/pdf',3181668,1,0),(166,2,1,612089712,0,'ACOSTAPDF.pdf','Acosta.pdf','uploads/2011/02/16/','application/pdf',1247775,1,0),(167,2,1,461387064,0,'CHAVEZPDF.pdf','Chavez.pdf','uploads/2011/02/16/','application/pdf',1495754,1,0),(168,2,1,482741382,0,'CYROPDF.pdf','Cyro.pdf','uploads/2011/02/16/','application/pdf',470920,1,0),(169,2,1,-91349021,0,'DICHIARAPDF.pdf','Di_Chiara.pdf','uploads/2011/02/16/','application/pdf',3973290,1,0),(170,2,1,1025115777,0,'DSTENNETPDF.pdf','DStennet.pdf','uploads/2011/02/16/','application/pdf',3602860,1,0),(171,2,1,1184567317,0,'ELZINGAPDF.pdf','Elzinga.pdf','uploads/2011/02/16/','application/pdf',573773,1,0),(172,2,1,2085207173,0,'FDIAZPDF.pdf','FDiaz.pdf','uploads/2011/02/16/','application/pdf',388576,1,0),(173,2,1,1241765810,0,'HAUSERPDF.pdf','Hauser.pdf','uploads/2011/02/16/','application/pdf',4228582,1,0),(174,2,1,1479297054,0,'HUGOALTOMONTEPDF.pdf','HugoAltomonte.pdf','uploads/2011/02/16/','application/pdf',362737,1,0),(175,2,1,-443092664,0,'LIVIOGALLOPDF.pdf','LivioGallo.pdf','uploads/2011/02/16/','application/pdf',2858438,1,0),(176,2,1,1956310788,0,'MCAPRAPDF.pdf','M_Capra.pdf','uploads/2011/02/16/','application/pdf',115560,1,0),(177,2,1,-1243634550,0,'MICHELEDENIGRIS1PDF.pdf','MicheledeNigris1.pdf','uploads/2011/02/16/','application/pdf',1839133,1,0),(178,2,1,-1668831310,0,'SERRANOPDF.pdf','Serrano.pdf','uploads/2011/02/16/','application/pdf',273725,1,0),(179,2,1,96949097,0,'VANHOVEPDF.pdf','Van_Hove.pdf','uploads/2011/02/16/','application/pdf',289592,1,0),(180,2,1,-34079995,0,'YANGPDF.pdf','Yang.pdf','uploads/2011/02/16/','application/pdf',2209840,1,0),(181,2,1,612089712,0,'ACOSTAPDF.pdf','Acosta.pdf','uploads/2011/02/16/','application/pdf',1247775,1,0);
/*!40000 ALTER TABLE `files` ENABLE KEYS */;
UNLOCK TABLES;

--
-- Table structure for table `files_category`
--

DROP TABLE IF EXISTS `files_category`;
SET @saved_cs_client     = @@character_set_client;
SET character_set_client = utf8;
CREATE TABLE `files_category` (
  `categoryid` int(10) NOT NULL auto_increment,
  `categoryname` varchar(250) default NULL,
  `hashed` int(25) default NULL,
  PRIMARY KEY  (`categoryid`),
  KEY `Index 1` (`categoryid`),
  KEY `Index 2` (`categoryname`),
  KEY `Index 4` (`hashed`)
) ENGINE=InnoDB AUTO_INCREMENT=9 DEFAULT CHARSET=latin1;
SET character_set_client = @saved_cs_client;

--
-- Dumping data for table `files_category`
--

LOCK TABLES `files_category` WRITE;
/*!40000 ALTER TABLE `files_category` DISABLE KEYS */;
INSERT INTO `files_category` VALUES (1,'WATER',208131690),(2,'ENERGY',1743371799),(3,'FOOD',-491928509),(4,'CLIMATE',95488749),(5,'HEALTH',1042474133),(6,'DISASTER RESPONSE',-642859001),(7,'SECURITY',61360525),(8,'POPULATION',-1076445897);
/*!40000 ALTER TABLE `files_category` ENABLE KEYS */;
UNLOCK TABLES;

--
-- Table structure for table `files_tags`
--

DROP TABLE IF EXISTS `files_tags`;
SET @saved_cs_client     = @@character_set_client;
SET character_set_client = utf8;
CREATE TABLE `files_tags` (
  `tagid` int(10) NOT NULL auto_increment,
  `tagname` varchar(50) NOT NULL,
  `taghash` int(25) NOT NULL,
  `fileid` int(10) NOT NULL,
  PRIMARY KEY  (`tagid`),
  KEY `tagid` (`tagid`),
  KEY `taghash` (`taghash`),
  KEY `fileid` (`fileid`),
  CONSTRAINT `FK_tags_files` FOREIGN KEY (`fileid`) REFERENCES `files` (`fileid`) ON DELETE CASCADE ON UPDATE CASCADE
) ENGINE=InnoDB AUTO_INCREMENT=1505 DEFAULT CHARSET=latin1;
SET character_set_client = @saved_cs_client;

--
-- Dumping data for table `files_tags`
--

LOCK TABLES `files_tags` WRITE;
/*!40000 ALTER TABLE `files_tags` DISABLE KEYS */;
INSERT INTO `files_tags` VALUES (1,'ANALYSIS',-973055108,1),(2,'BIOFUELS',-761753601,1),(3,'BRAZIL',-1378616410,1),(4,'CONSTRUCTED WETLANDS',1232337748,2),(5,'EL SLAVADOR',1191514128,2),(6,'WHIX',1293687285,2),(7,'ENVIRONMENT',-886747958,3),(8,'ANDEAN RIDGE',-888871625,3),(9,'ENERGY',1743371799,3),(10,'WHIX',1293687285,3),(11,'WHIX',1293687285,4),(12,'MANUAL',-534546110,4),(13,'DOMINICAN REPUBLIC',1333407563,4),(14,'SPANISH',190647086,4),(15,'WHIX',1293687285,5),(16,'MANUAL',-534546110,5),(17,'DOMINICAN REPUBLIC',1333407563,5),(18,'ENGLISH',331807770,5),(19,'WHIX',1293687285,6),(20,'MANUAL',-534546110,6),(21,'EL SALVADOR',-1706270194,6),(22,'ENGLISH',331807770,6),(23,'HYDROPOWER',-847683534,7),(24,'CLIMATE CHANGE',-1977005120,7),(25,'VENEZUELA',1756062718,7),(26,'DOD',-1904072115,8),(27,'NDU',173102754,8),(28,'DISEASE',813602011,9),(29,'GLOBAL',419253253,9),(30,'FOOD INSECURITY',361679538,10),(31,'FOOD SECURITY',1718714049,11),(32,'REFUGEES',1109281895,12),(33,'MIGRATION',-2015450323,12),(34,'CLIMATE CHANGE',-1977005120,12),(35,'GEOPOLITICS',893553145,13),(36,'GLOBAL',419253253,14),(37,'WATER',208131690,14),(38,'PREDICTION MODEL',-1615115787,14),(39,'CLIMATE CHANGE',-1977005120,15),(40,'CLIMATE CHANGE',-1977005120,16),(41,'NATURAL DISASTERS',-146922949,17),(42,'MAPPING',1990447760,17),(43,'POPULATION',-1076445897,18),(44,'MIGRATION',-2015450323,18),(45,'RENEWABLE ENERGY',-174498834,19),(46,' DEVELOPING NATIONS',959287509,19),(47,'ENERGY SECURITY',-1973012510,20),(48,' GROWTH',235626801,20),(49,'DEVELOPMENT',1305850818,20),(50,'WATER RESOURCES',1563223445,21),(51,' MANAGEMENT',239132221,21),(52,' FAO',-94330091,21),(53,'LAND',-1634387860,22),(54,'POLICY',8766096,22),(55,'WATER',208131690,23),(56,'SCARCITY',1999974742,23),(57,'RISK',1335048437,23),(58,'ECONOMIC',489328651,23),(59,'MAP',84600881,24),(60,'POPULATION',-1076445897,25),(61,'MIGRATION',-2015450323,25),(62,'MAP',84600881,26),(63,'MAP',84600881,27),(64,'INDICATORS',1109918879,27),(65,'ENERGY SECURITY',-1973012510,28),(66,'GLOBAL',419253253,29),(67,'FLOOD',-1111121457,29),(68,'CLIMATE CHANGE',-1977005120,30),(69,'MIGRATION',-2015450323,30),(70,'SEA LEVEL',-2098780207,31),(71,'CLIMATE CHANGE',-1977005120,31),(72,'GLACIERS',-198928444,31),(73,'WATER RESOURCES',1563223445,32),(74,'PERU',261358904,32),(75,'NATIONAL SECURITY',-1979345054,33),(76,'CLIMATE CHANGE',-1977005120,33),(77,'MAP',84600881,34),(78,'GLOBAL',419253253,35),(79,'BP',-386044276,35),(80,'WATER RESOURCES',1563223445,36),(81,'MAP',84600881,36),(82,'CLIMATE CHANGE',-1977005120,37),(83,'TROPICAL DISEASE',934390162,37),(84,'GRAPH',-32389268,37),(85,'WHO',1215395883,38),(86,'INFECTIOUS DISEASE',-512518525,38),(87,'ENERGY DEVELOPMENT',-1019312999,39),(88,'CLIMATE CHANGE',-1977005120,39),(89,'TRENDS',-726141597,40),(90,'UNEP',1106668274,41),(91,'WATER QUALITY',469159844,41),(92,'WATER RESOURCES',1563223445,42),(93,' AMAZON',-1833957200,42),(94,'CLIMATE CHANGE',-1977005120,43),(95,'CITIES',698709741,43),(96,'FAO',-2074670555,44),(97,'CITIES',698709741,44),(98,'FOOD CRISIS',-911568891,45),(99,'LATIN AMERICA',-1023278686,45),(100,'FAO',-2074670555,46),(101,'LATIN AMERICA',-1023278686,46),(102,'PREDICTION',1034318583,47),(103,'HAITI',596970726,48),(104,'FOOD SECURITY',1718714049,48),(105,'USAID',-834960936,48),(106,'GLACIERS',-198928444,49),(107,'CLIMATE CHANGE',-1977005120,49),(108,'NASA',-1147508620,50),(109,'CLIMATE CHANGE',-1977005120,50),(110,'SCIENTIFIC AMERICA',-1264631376,50),(111,'GEOENGINEERING',-9920923,51),(112,'CITIES',698709741,52),(113,'TB',131901971,53),(114,'MAP',84600881,53),(115,'CHOLERA',-1961603,54),(116,'MAP',84600881,54),(117,'HAITI',596970726,54),(118,'FOOD',-491928509,55),(119,'BOLIVIA',-2085063136,55),(120,'CLIMATE CHANGE',-1977005120,55),(121,'AGRICULTURE',2127652515,55),(122,'SLUMS',-1248757538,56),(123,'CITIES',698709741,56),(124,'ENVIRONMENTAL SECURITY',882281469,57),(125,'ENVIRONMENTAL REFUGEES',1965067799,58),(126,'MIGRATION',-2015450323,58),(127,'PREDICTION MODEL',-1615115787,59),(128,'STABILITY',-346268807,59),(129,'PREDICTION MODEL',-1615115787,60),(130,'MAPPING',1990447760,60),(131,'ECONOMICS',-1213260581,61),(132,'CLIMATE CHANGE',-1977005120,61),(133,' ADAPTATION',-154009195,61),(134,'WORLD BANK',-1216857973,61),(135,'BOLIVIA',-2085063136,61),(136,'NATURAL RESOURCES',-295419993,62),(137,'NATIONAL SECURITY',-1979345054,62),(138,'ASSESSMENT',-53665713,63),(139,'ADAPTATION',-129804328,63),(140,'VULNERABILITY',1241662114,63),(141,'PANDEMIC',1354732813,64),(142,'ENVIRONMENT',-886747958,64),(143,'STRATEGY',-764028511,65),(144,'UNITED STATES',1508771325,65),(145,'MIGRATION',-2015450323,66),(146,'CITIES',698709741,67),(147,'PUBLIC HEALTH',1039800087,67),(148,'CITIES',698709741,68),(149,'SLUMS',-1248757538,68),(150,'DNI',-383227983,69),(151,'DOD',-1904072115,70),(152,'MAPPING',1990447760,71),(153,'USGS',-29922839,71),(154,'DISPLACEMENT',1569075086,72),(155,'MIGRATION',-2015450323,72),(156,'GLOBAL',419253253,73),(157,'STATISTICS',-380856803,73),(158,'POVERTY',-126445622,74),(159,'DOD',-1904072115,75),(160,'FORESTS',-386982953,76),(161,'FAO',-2074670555,76),(162,'GLOBAL',419253253,77),(163,'STRATEGY',-764028511,77),(164,'ENERGY',1743371799,78),(165,'DOD',-1904072115,78),(166,'SLUMS',-1248757538,79),(167,'WOMEN',-347183639,79),(168,'POVERTY',-126445622,79),(169,'ENVIRONMENTAL SECURITY',882281469,80),(170,'ENVIRONMENTAL SECURITY',882281469,81),(171,'STRATEGY',-764028511,82),(172,'GLOBAL',419253253,82),(173,'SLUMS',-1248757538,83),(174,'CITIES',698709741,83),(175,'STRATEGY',-764028511,84),(176,'UNITED STATES',1508771325,84),(177,'ENVIRONMENTAL',-1716610982,85),(178,'MILITARY BASES',1249233724,85),(179,'WHIX',1293687285,86),(180,'FLOODS',721876291,86),(181,'MUDSLIDES',-1649665406,86),(182,'GIS',1498265173,87),(183,'DATABASES',-2083287251,87),(184,'HAITI',596970726,88),(185,'ASSESSMENT',-53665713,88),(186,'INFRASTRUCTURE',973196205,88),(187,'WHIX',1293687285,89),(188,'ENVIRONMENT',-886747958,89),(189,'CENTRAL AMERICA',608846281,89),(190,'WHIX',1293687285,90),(191,'STRATEGY',-764028511,90),(192,'SOUTHCOM',-823594177,90),(193,'WHIX',1293687285,91),(194,'STRATEGY',-764028511,91),(195,'SOUTHCOM',-823594177,91),(196,'PERU',261358904,92),(197,'WATER RESOURCES',1563223445,92),(198,'GLACIERS',-198928444,92),(199,'WHIX',1293687285,93),(200,'REPORT',886550530,93),(201,'PERU',261358904,93),(202,'ENVIRONMENT',-886747958,93),(203,'ENERGY',1743371799,93),(204,'MILITARY',-2074255020,93),(205,'INFRASTRUCTURE',973196205,93),(206,'ECONOMIC',489328651,94),(207,'ENERGY',1743371799,95),(208,'FORESTRY',-1041129488,96),(209,'BIODIVERSITY',-414866576,96),(210,'EL SALVADOR',-1706270194,96),(211,'STRATEGY',-764028511,97),(212,'DOD',-1904072115,97),(213,'MIGRATION',-2015450323,98),(214,'GLOBAL',419253253,99),(215,'ENVIRONMENT',-886747958,99),(216,'GUARANI AQUIFER',-971640702,100),(217,'DEVELOPMENT',1305850818,101),(218,'DEVELOPMENT',1305850818,102),(219,'DEVELOPMENT',1305850818,103),(220,'DEVELOPMENT',1305850818,104),(221,'DEVELOPMENT',1305850818,105),(222,'DEVELOPMENT',1305850818,106),(223,'CLIMATE CHANGE',-1977005120,107),(224,'CONFLICT',-1958149661,107),(225,'EIA',-1452272781,108),(226,'PREDICTION',1034318583,109),(227,'PREDICTION',1034318583,110),(228,'CENTRAL AMERICA',608846281,110),(229,'OCEAN',-1686662482,111),(230,'ACIDIFICATION',1869135196,111),(231,'PALM OIL',-1885038407,112),(232,'COLOMBIA',-397785476,112),(233,'OIL',-631838184,113),(234,'PERU',261358904,113),(235,'ENVIRONMENT',-886747958,113),(236,'PREDICTION',1034318583,114),(237,'EXXON',-593344708,114),(238,'PALM OIL',-1885038407,115),(239,'COLOMBIA',-397785476,115),(240,'NATURAL RESOURCES',-295419993,116),(241,'OIL',-631838184,116),(242,'PERU',261358904,116),(243,'CLIMATE CHANGE',-1977005120,117),(244,'POVERTY',-126445622,117),(245,'ENVIRONMENT',-886747958,118),(246,'POVERTY',-126445622,118),(247,'AQUIFERS',-1093260489,119),(248,'RENEWABLE ENERGY',-174498834,120),(249,'POLICY',8766096,120),(250,'POLICY',8766096,121),(251,'GUYANA',-82808930,121),(252,'IPCC',-1620710665,122),(253,'IPCC',-1620710665,123),(254,'IPCC',-1620710665,124),(255,'IPCC',-1620710665,125),(256,'IPCC',-1620710665,126),(257,'USDA',648235874,127),(258,'SOUTHCOM',-823594177,128),(259,'CHINA',-1749352300,129),(260,'LATIN AMERICA',-1023278686,129),(261,'WHIX',1293687285,130),(262,'SOLAR',1868640341,130),(263,'MOBILE',-863247258,130),(264,'WHIX',1293687285,131),(265,'SOLAR',1868640341,131),(266,'MOBILE',-863247258,131),(267,'ENERGY',1743371799,130),(268,'BIOFUELS',-761753601,1),(270,'BRAZIL',-1378616410,1),(271,'GOMEZ',-1854659050,1),(272,'WHIX',1293687285,1),(273,'2007',955685210,1),(274,'CONSTRUCTED',-18754294,2),(275,'WETLANDSFOR',913025795,2),(276,'TREATMENT',-591191330,2),(277,'OF',-1450728048,2),(278,'WASTEWATER',-397909718,2),(279,'KATSENOVICH',-801281399,2),(280,'WHIX',1293687285,2),(281,'2007',955685210,2),(282,'ENVIRONMENTAL',-1716610982,3),(284,'RENEWABLE',277799959,3),(285,'ENERGY',1743371799,3),(286,'OPPORTUNITIES',1713459029,3),(288,'THE',-1428017300,3),(289,'ANDEAN',-2010903344,3),(290,'RIDGE',-1393543744,3),(291,'PASCUAL',1892692588,3),(292,'2008',-1471576885,3),(293,'H2GO',22027251,4),(294,'MANUAL',-534546110,4),(295,'SPANISH',190647086,4),(296,'H2HGO',-749630204,5),(297,'MANUAL',-534546110,5),(298,'ENGLISH',331807770,5),(299,'MOBILE',-863247258,6),(300,'WATER',208131690,6),(301,'UNIT',-366026265,6),(303,'MANUAL',-534546110,6),(305,'ENGLISH',331807770,6),(306,'CRISIS',568473238,7),(307,'ELECTRICA',-1701653771,7),(308,'Y',-1061878051,7),(309,'AGUA',-1322343658,7),(310,'EN',1572062504,7),(311,'VENEZUELA',1756062718,7),(312,'AIPOP',899399133,7),(313,'2009',-548490147,7),(314,'DOD',-1904072115,8),(315,'ENERGY',1743371799,8),(316,'CHALLENGE',-1815373890,8),(317,'NDU',173102754,8),(318,'LOVINS',508436696,8),(319,'EFFECTS',2001650352,9),(320,'OF',-1450728048,9),(321,'GLOBAL',419253253,9),(322,'CLIMATE',95488749,9),(323,'CHANGE',-1330693722,9),(324,'ON',-1487131230,9),(325,'DISEASE',813602011,9),(326,'TSAI',-307015568,9),(327,'2005',-688326538,9),(328,'FOOD',-491928509,10),(329,'INSECURITY',-234943891,10),(330,'BARRETT',1839954931,10),(331,'JUNE2009',-136769480,10),(332,'FOOD',-491928509,11),(333,'SECURITY',61360525,11),(335,'GLOBAL',419253253,11),(336,'ENV',1709310067,11),(337,'CHANGE',-1330693722,11),(339,'ERICKSEN',-1181480383,11),(340,'INGRAM',-157104868,11),(342,'LIVERMAN',-519581733,11),(343,'2009',-548490147,11),(344,'FUTURE',940832270,12),(345,'FLOODS',721876291,12),(346,'OF',-1450728048,12),(347,'REFUGEES',1109281895,12),(348,'CLIMATE',95488749,12),(349,'CHANGE',-1330693722,12),(350,'NRC',-501393884,12),(351,'2008',-1471576885,12),(352,'GEOPOLITICS',893553145,13),(353,'OF',-1450728048,13),(354,'ENERGY',1743371799,13),(355,'PASCUAL',1892692588,13),(356,'GLOBAL',419253253,14),(357,'WATER',208131690,14),(358,'FUTURES',-941567694,14),(359,'PETERSON',-935296204,14),(360,'CSIS',365317156,14),(361,'2008',-1471576885,14),(362,'IMPACT',888211329,15),(363,'OF',-1450728048,15),(364,'CLIMATE',95488749,15),(365,'CHANGE',-1330693722,15),(366,'FRICAS',-1513058723,15),(367,'MARTZ',2142801625,15),(368,'2007',955685210,15),(369,'IMPACTS',-1158959758,16),(370,'OF',-1450728048,16),(371,'CLIMATE',95488749,16),(372,'CHANGE',-1330693722,16),(374,'LATIN',-1545378886,16),(375,'AMERICA',-1744473186,16),(376,'IMPACT',888211329,16),(377,'CLIMATE',95488749,16),(378,'CARLOS',-1063630703,16),(379,'NOBRE',531860025,16),(380,'2006',1341237708,16),(381,'MAPPING',1990447760,17),(382,'DISASTERS',-1291917091,17),(383,'PNADS389',-95892803,17),(384,'POPULATION',-1076445897,18),(385,'MOBILITY',274971728,18),(387,'LAND',-1634387860,18),(388,'USE',35032769,18),(390,'THE',-1428017300,18),(391,'AMAZON',1906528241,18),(392,'BARBIERI',-1739368289,18),(393,'2006',1341237708,18),(394,'RENEWABLE',277799959,19),(395,'ENERGY',1743371799,19),(396,'FUTURE',940832270,19),(398,'THE',-1428017300,19),(399,'DEVELOPING',-174513247,19),(400,'WORLD',-853289997,19),(401,'HOLM',1350785047,19),(402,'ISES',-691084468,19),(403,'2005',-688326538,19),(404,'THE',-1428017300,20),(405,'CARDOSA',-1851420674,20),(406,'LULA',-941185587,20),(407,'PARADIGM',717559725,20),(408,'FOR',2043825010,20),(409,'GROWTH',-317184400,20),(411,'ENERGY',1743371799,20),(412,'SECURITY',61360525,20),(413,'MARES',1438455149,20),(414,'2009',-548490147,20),(415,'TRENDS',-726141597,21),(417,'MANAGEMENT',13731952,21),(418,'OF',-1450728048,21),(419,'WATER',208131690,21),(420,'RESOURCES',-1415252671,21),(421,'FAO.ORG',-15830919,21),(422,'NR',-1438236500,21),(423,'WATER',208131690,21),(424,'AQUASTAT',185522733,21),(425,'REGIONS',-1658681367,21),(426,'LAC',-2139700264,21),(427,'INDEX7',-693178819,21),(428,'WATER',208131690,22),(430,'LAND',-1634387860,22),(432,'LAC',-2139700264,22),(433,'GLOBAL',419253253,22),(434,'POLICIES',649601922,22),(436,'STRATEGIES',1786789676,22),(437,'WILKINSON',-2037661961,22),(438,'2010',-1081524808,22),(439,'WATER',208131690,23),(440,'SCARCITY',1999974742,23),(442,'CLIMATE',95488749,23),(443,'CHANGE',-1330693722,23),(444,'RISK',1335048437,23),(445,'FOR',2043825010,23),(446,'BUSINESS',-824118668,23),(447,'CERES',1710177371,23),(448,'2009',-548490147,23),(449,'ACESS',1068839109,24),(450,'TO',2037241518,24),(451,'WATER',208131690,24),(452,'MAP',84600881,24),(453,'WB',754055632,24),(454,'BEGINNING',-1142281692,25),(455,'ASSESSMENT',-53665713,25),(456,'OF',-1450728048,25),(457,'DISPLACED',2111759358,25),(458,'POPLUATIONS',164654956,25),(459,'CHILD',-706242919,26),(460,'MALNUTRITION',1397832640,26),(461,'MAP',84600881,26),(462,'LA',483288048,26),(463,'CIESIN',520242020,26),(464,'2005',-688326538,26),(465,'ENERGY',1743371799,27),(466,'INDICATORS',1109918879,27),(467,'MAP',84600881,27),(469,'WWW.IEA.ORG',730766136,27),(470,'ENERGY',1743371799,28),(471,'SECURITY',61360525,28),(473,'LA',483288048,28),(474,'GOLDWYNTESTIMONY',-1935435476,28),(475,'2006',1341237708,28),(476,'GLOBAL',419253253,29),(477,'FLOOD',-1111121457,29),(478,'DETECTION',1324871465,29),(479,'SYSTEM',968218125,29),(480,'WWW.GDACS.ORG',1799804724,29),(481,'2007',955685210,29),(482,'HUMAN',1379276613,30),(483,'SECURITY',61360525,30),(484,'CLIMATE',95488749,30),(485,'CHANGE',-1330693722,30),(487,'MIGRATION',-2015450323,30),(488,'UN',393336697,30),(489,'UNIVERSITY',-1411016493,30),(490,'2008',-1471576885,30),(491,'ICE',1575536260,31),(493,'SEA',493781949,31),(494,'LEVEL',1841172131,31),(495,'CHANGE',-1330693722,31),(496,'CHURCH',1614092995,31),(497,'IRWM',1442301131,32),(498,'LOAN',-213458761,32),(499,'PERU',261358904,32),(500,'IDB',-1932671520,32),(501,'NATIONAL',1456380668,33),(502,'SECURITY',61360525,33),(503,'IMPLICATIONS',26595538,33),(504,'ON',-1487131230,33),(505,'CLIMATE',95488749,33),(506,'CHANGE',-1330693722,33),(507,'THRU',-2010250948,33),(508,'2030',-1916838086,33),(509,'NIA',-1524237166,33),(510,'2008',-1471576885,33),(511,'PROJECTED',291509686,34),(512,'GLOBAL',419253253,34),(513,'WATER',208131690,34),(514,'SCARCITY',1999974742,34),(515,'2025',-456221964,34),(516,'MAP',84600881,34),(517,'STATISTICAL',-1233931606,35),(518,'REVIEW',-1984215488,35),(519,'OF',-1450728048,35),(520,'WORLD',-853289997,35),(521,'ENERGY',1743371799,35),(522,'BP',-386044276,35),(523,'FULL',-689293036,35),(524,'REPORT',886550530,35),(525,'2009',-548490147,35),(526,'TOTAL',897262574,36),(527,'RENEWABLE',277799959,36),(528,'WATER',208131690,36),(529,'RESOURCES',-1415252671,36),(530,'MAP',84600881,36),(531,'FAO.ORG',-15830919,36),(532,'TROPICAL',-992871832,37),(533,'DISEASE',813602011,37),(535,'CLIMATE',95488749,37),(536,'CHANGE',-1330693722,37),(537,'GRAPH',-32389268,37),(538,'UNEP',1106668274,37),(539,'EMERGING',-1022402466,38),(540,'ISSUES',713406469,38),(542,'WATER',208131690,38),(544,'INFECTIOUS',-2103482143,38),(545,'DISEASES',827431435,38),(546,'WHO',1215395883,38),(547,'2003',1067146563,38),(548,'ENERGY',1743371799,39),(549,'DEVELOPMENT',1305850818,39),(551,'CLIMATE',95488749,39),(552,'CHANGE',-1330693722,39),(553,'IPIECA',-347864944,39),(554,'2002',1218211285,39),(555,'LAC',-2139700264,40),(556,'WATER',208131690,40),(557,'TRENDS',-726141597,40),(558,'UNEP',1106668274,40),(559,'2002',1218211285,40),(560,'WATER',208131690,41),(561,'QUALITY',1140323594,41),(562,'OUTLOOK',-2112566261,41),(563,'UNEP',1106668274,41),(564,'2004',-1577072416,41),(565,'WATER',208131690,42),(566,'RESOURCES',-1415252671,42),(567,'MANAGEMENT',13731952,42),(568,'OF',-1450728048,42),(569,'THE',-1428017300,42),(570,'AMAZON',1906528241,42),(571,'BASIN',429706078,42),(572,'MCCLAIN.ICEF.1999',2136789183,42),(573,'CLIMATE',95488749,43),(574,'CHANGE',-1330693722,43),(575,'IMPACT',888211329,43),(576,'ON',-1487131230,43),(577,'WORLDS',68775862,43),(578,'CITIES',698709741,43),(579,'UN',393336697,43),(580,'HABITAT',74599666,43),(581,'2009',-548490147,43),(582,'FOOD',-491928509,44),(583,'AGRICULTURE',2127652515,44),(585,'CITIES',698709741,44),(586,'FAO',-2074670555,44),(587,'2009',-548490147,44),(588,'FOOD',-491928509,45),(589,'CRISIS',568473238,45),(591,'LA',483288048,45),(593,'OAKLAND',2077854991,45),(594,'INSTITUTE',-1902662849,45),(595,'2008',-1471576885,45),(596,'FOOD',-491928509,46),(597,'SITUATION',-1460698075,46),(599,'LA',483288048,46),(600,'FAO',-2074670555,46),(601,'BULLETIN',-313649906,46),(602,'2008',-1471576885,46),(603,'FUTURE',940832270,47),(604,'TEMP',1036413054,47),(605,'CHNAGES',-984170080,47),(606,'EPA.GOV',580065517,47),(607,'HAITI',596970726,48),(608,'FOOD',-491928509,48),(609,'SECURITY',61360525,48),(610,'UPDATE',1759376126,48),(611,'FEWSNET',765802770,48),(612,'2009',-548490147,48),(613,'MELTDOWN',2142130948,49),(615,'THE',-1428017300,49),(616,'MOUNTAINS',1883115370,49),(617,'UNEP',1106668274,49),(618,'2008',-1471576885,49),(619,'NINE',1300795849,50),(620,'WAYS',-1612846685,50),(621,'NASA',-1147508620,50),(622,'CAN',-174327720,50),(623,'TACKLE',-329598369,50),(624,'CLIMATE',95488749,50),(625,'CHANGE',-1330693722,50),(626,'WWW.SCIENTIFICAMERICAN.COM',158928108,50),(627,'2010',-1081524808,50),(628,'WHAT',-1938563114,51),(629,'IS',-1845434627,51),(630,'GEOENGINEERING',-9920923,51),(631,'SCIENTIFIC',-755766957,51),(632,'AMERICA',-1744473186,51),(633,'2010',-1081524808,51),(634,'CITIES',698709741,52),(636,'PUBLIC',-884151909,52),(637,'HEALTH',1042474133,52),(638,'CRISIS',568473238,52),(639,'FRWHO',-945472284,52),(640,'2009.5',-546024398,52),(641,'TB',131901971,53),(642,'MAP',84600881,53),(643,'CHOLERA',-1961603,54),(644,'MAP',84600881,54),(645,'COUNTRY',1815492476,55),(646,'NOTE',-114813024,55),(647,'BOLIVIA',-2085063136,55),(648,'CAUSES',-1327989521,56),(649,'FOR',2043825010,56),(650,'INADEQUATE',-854964452,56),(651,'HOUSING',-993739559,56),(653,'LA',483288048,56),(654,'DUNCAN',-1528191194,56),(655,'CRITICAL',-1854503033,57),(656,'THEORY',57167038,57),(657,'OF',-1450728048,57),(658,'ES',1052092913,57),(659,'MYERHOFF',1615533388,57),(660,'2006',1341237708,57),(661,'ENV',1709310067,58),(662,'REFUGEES',1109281895,58),(663,'MYERS',-587572354,58),(664,'2005',-688326538,58),(665,'GLOBAL',419253253,59),(666,'FORECASTING',1948254240,59),(667,'MODEL',549564521,59),(669,'STABILITY',-346268807,59),(670,'FACTORS',614861309,59),(671,'GMU',-733817244,59),(672,'2005',-688326538,59),(673,'MAPPING',1990447760,60),(674,'DISASTERS',-1291917091,60),(675,'PNADS389',-95892803,60),(676,'EACC',-933782520,61),(677,'FINALSYNTHESISREPORT0803',1983765536,61),(678,'2010',-1081524808,61),(679,'SUSTAINING',-1770347379,62),(680,'SECURITY',61360525,62),(681,'CNAS',-907938289,62),(682,'PARTHEMORE',-1133158519,62),(683,'ROGERS',542824432,62),(684,'2010',-1081524808,62),(685,'VULNERABILITY',1241662114,63),(687,'ASSESSMENTS',-956334366,63),(688,'USCSP',1732803344,63),(689,'WHERE',-354725386,64),(690,'THE',-1428017300,64),(691,'WILD',631823304,64),(692,'THINGS',-1625516485,64),(693,'ARE',2274348,64),(694,'KARESH',1326081474,64),(695,'2009',-548490147,64),(696,'2009',-548490147,65),(697,'NATIONAL',1456380668,65),(698,'INTELLIGENCE',1122676691,65),(699,'STRATEGY',-764028511,65),(700,'BEGINNING',-1142281692,66),(701,'ASSESSMENT',-53665713,66),(702,'OF',-1450728048,66),(703,'DISPLACED',2111759358,66),(704,'POPLUATIONS',164654956,66),(705,'CITIES',698709741,67),(707,'PUBLIC',-884151909,67),(708,'HEALTH',1042474133,67),(709,'CRISIS',568473238,67),(710,'FRWHO',-945472284,67),(711,'2009.5',-546024398,67),(712,'CITIES',698709741,68),(713,'WITHOUT',276216891,68),(714,'SLUMS',-1248757538,68),(715,'ACTIONPLAN',-1504394760,68),(716,'WB',754055632,68),(717,'DNI',-383227983,69),(718,'ANNUAL',363933416,69),(719,'THREAT',-596665503,69),(720,'ASSESSMENT',-53665713,69),(721,'BLAIR',-531285806,69),(722,'2009',-548490147,69),(723,'DODD471501P',-608926313,70),(724,'MAPPING',1990447760,71),(725,'VULNERABILITY',1241662114,71),(726,'TO',2037241518,71),(727,'DISASTER',1284081100,71),(729,'LATIN',-1545378886,71),(730,'AMERICA',-1744473186,71),(731,'USGS',-29922839,71),(732,'MONITORING',-1311733150,72),(733,'DISASTER',1284081100,72),(734,'DISPLACEMENT',1569075086,72),(735,'OCHA',-1449914139,72),(736,'2007',955685210,72),(737,'POPULATION',-1076445897,73),(738,'STATS',-1609325286,73),(739,'WORLD',-853289997,73),(740,'POPULATION',-1076445897,73),(741,'BUREAU',-426305214,73),(742,'2009',-548490147,73),(743,'POVERTY',-126445622,74),(744,'RATE',-377892211,74),(745,'MAP',84600881,74),(746,'WB',754055632,74),(747,'QDR',-2091964596,75),(748,'(FEB',621359683,75),(749,'2010)',1437975906,75),(750,'STATE',1422331979,76),(751,'OF',-1450728048,76),(752,'THE',-1428017300,76),(753,'WORLDS',68775862,76),(754,'FORESTS',-386982953,76),(755,'FAO',-2074670555,76),(756,'2005',-688326538,76),(757,'REPORT',886550530,76),(758,'STRATEGIC',-703198383,77),(759,'IMPLICATIONS',26595538,77),(760,'OF',-1450728048,77),(761,'GLOBAL',419253253,77),(762,'HEALTH',1042474133,77),(763,'NIC',1261149630,77),(764,'2008',-1471576885,77),(765,'SUSTAIN',692709330,78),(766,'THE',-1428017300,78),(767,'MISSION',-1356723162,78),(768,'FINAL',461479542,78),(769,'TECHNICAL',-618029503,78),(770,'REPORT',886550530,78),(771,'AEPI',-1056568561,78),(772,'2008',-1471576885,78),(773,'WOMEN',-347183639,79),(774,'SLUMS',-1248757538,79),(776,'URBANISATION',1943385469,79),(777,'REPORT',886550530,79),(778,'COHRE',-357250210,79),(779,'2008',-1471576885,79),(780,'ENVIRONMENTAL',-1716610982,80),(781,'SECURITY',61360525,80),(783,'KLUBNIKIN',978204868,80),(784,'CAUSEY[1]',-1968297491,80),(785,'2002',1218211285,80),(786,'ES',1052092913,81),(787,'EXECSEC',2115048531,81),(788,'1995',442423134,81),(789,'MAPPING',1990447760,82),(790,'THE',-1428017300,82),(791,'GLOBAL',419253253,82),(792,'FUTURE',940832270,82),(793,'2010',-1081524808,82),(794,'NIC',1261149630,82),(795,'2004',-1577072416,82),(796,'PLANET',-1729385181,83),(797,'OF',-1450728048,83),(798,'SLUMS',-1248757538,83),(799,'DAVIS',-216952628,83),(801,'2004',-1577072416,83),(802,'REDEFINING',2141852210,84),(803,'NATIONAL',1456380668,84),(804,'SECURITY',61360525,84),(805,'BROWN',-1706207516,84),(806,'1977',1792252924,84),(807,'ENVIRONMENTAL',-1716610982,85),(808,'SITE',1607918672,85),(809,'ASSESSMENT',-53665713,85),(810,'OF',-1450728048,85),(811,'MILITARY',-2074255020,85),(812,'INSTALLATIONS',-2126973794,85),(814,'LAC',-2139700264,85),(815,'CEPERO',2075077894,85),(816,'WHIX',1293687285,85),(817,'2008',-1471576885,85),(818,'FLOOD',-1111121457,86),(820,'MUDFLOW',210847954,86),(821,'HAZARDMAPS',1029620957,86),(822,'GARCIA',-172713100,86),(823,'2007',955685210,86),(824,'GIS',1498265173,87),(825,'ASSESSMENT',-53665713,87),(826,'FOR',2043825010,87),(827,'LAC',-2139700264,87),(828,'LAWRENCE',-1592232962,87),(829,'WHIX',1293687285,87),(830,'2007',955685210,87),(831,'HAITI',596970726,88),(832,'INFRASTRUCTURE',973196205,88),(833,'ASSESSMENT',-53665713,88),(834,'WILSON',-1407718427,88),(835,'2008',-1471576885,88),(836,'POTENTIAL',-1509529457,89),(837,'OPPORTUNITIES',1713459029,89),(838,'FOR',2043825010,89),(839,'ENGAGEMENT',-739238786,89),(841,'CENTRAL',-309928775,89),(842,'AMERICA',-1744473186,89),(843,'PASCUAL',1892692588,89),(844,'2008',-1471576885,89),(845,'WESTERN',1894752796,90),(846,'HEMISPHERE',-1926590882,90),(847,'MILITARY',-2074255020,90),(848,'GOALS',812702879,90),(849,'REQUIREMENTS',-443750214,90),(850,'ISSUES',713406469,90),(852,'CAPABILITIES',-2012650259,90),(853,'PASCUAL',1892692588,90),(854,'2008',-1471576885,90),(855,'WHIX',1293687285,91),(856,'PILOT',2051710434,91),(857,'LESSONS',517827,91),(858,'LEARNED',-1015123073,91),(859,'PASCUAL',1892692588,91),(860,'2008',-1471576885,91),(861,'ALPINE',886023003,92),(862,'LAKES',2066392098,92),(864,'GLACIERS',-198928444,92),(866,'PERU',261358904,92),(868,'SPANG',-2054808341,92),(869,'2006',1341237708,92),(870,'AS',1524198645,93),(871,'IS',-1845434627,93),(872,'PROFILE',-1106095083,93),(873,'PERU',261358904,93),(874,'WHIX',1293687285,93),(875,'2005',-688326538,93),(876,'ASSESSING',-421295462,94),(877,'POTENTIAL',-1509529457,94),(878,'ECONOMIC',489328651,94),(879,'CONSEQUENCES',-322911352,94),(880,'OF',-1450728048,94),(881,'CC',1968709139,94),(883,'LAC',-2139700264,94),(884,'TOBA',-579219051,94),(885,'WB',754055632,94),(886,'2007',955685210,94),(887,'CIVIL',160262598,95),(888,'RESISTANCE',60004829,95),(889,'GROUPS',9830134,95),(890,'CHOCO',-1054855316,95),(891,'COLOMBIA',-397785476,95),(892,'IPS',-925683129,95),(893,'2007',955685210,95),(894,'EL',-1279417340,96),(895,'SALVADOR',897703083,96),(896,'BIODIVERSITY',-414866576,96),(897,'FORESTRY',-1041129488,96),(898,'WATER',208131690,96),(899,'REPORT',886550530,96),(900,'USAID',-834960936,96),(901,'2004',-1577072416,96),(902,'ENERGY',1743371799,97),(903,'STRATEGY',-764028511,97),(904,'FOR',2043825010,97),(905,'INSTALLATIONS',-2126973794,97),(906,'US',1954003872,97),(907,'ARMY',984924802,97),(908,'2005',-688326538,97),(909,'GLOBAL',419253253,98),(910,'PERSPECTIVE',1590103167,98),(911,'ON',-1487131230,98),(912,'FORCED',1560759603,98),(913,'MIGRATION',-2015450323,98),(914,'CASTLES',297503511,98),(915,'2004',-1577072416,98),(916,'GOVERNING',1942380065,99),(917,'FOOD',-491928509,99),(918,'SYSTEMS',1592272552,99),(920,'GLOBAL',419253253,99),(921,'ENVIRONMENT',-886747958,99),(922,'CHANGE',-1330693722,99),(923,'LIVERMAN',-519581733,99),(924,'2009',-548490147,99),(925,'GUARANI',1421264725,100),(926,'AQUIFER',-766421241,100),(927,'PROJECT',284569332,100),(928,'APPRAISAL',1663579455,100),(929,'DOCUMENT',509220410,100),(930,'GEF',-1742398030,100),(931,'2002',1218211285,100),(932,'HUMAN',1379276613,101),(933,'DEVELOPMENT',1305850818,101),(934,'REPORT',886550530,101),(935,'UN',393336697,101),(936,'2005',-688326538,101),(937,'HUMAN',1379276613,102),(938,'DEVELOPMENT',1305850818,102),(939,'REPORT',886550530,102),(940,'UN',393336697,102),(941,'2005',-688326538,102),(942,'SPANISH',190647086,102),(943,'HUMAN',1379276613,103),(944,'DEVELOPMENT',1305850818,103),(945,'REPORT',886550530,103),(946,'UN',393336697,103),(947,'2006',1341237708,103),(948,'SPANISH',190647086,103),(949,'HUMAN',1379276613,104),(950,'DEVELOPMENT',1305850818,104),(951,'REPORT',886550530,104),(952,'UN',393336697,104),(953,'2009',-548490147,104),(954,'HUMAN',1379276613,105),(955,'DEVELOPMENT',1305850818,105),(956,'REPORT',886550530,105),(957,'UN',393336697,105),(958,'2009',-548490147,105),(959,'SPANISH',190647086,105),(960,'HUMAN',1379276613,106),(961,'DEVELOPMENT',1305850818,106),(962,'REPORT',886550530,106),(963,'UN',393336697,106),(964,'20072008',-1797318953,106),(965,'SPANISH',190647086,106),(966,'IMPLICATIONS',26595538,107),(967,'OF',-1450728048,107),(968,'CC',1968709139,107),(969,'FOR',2043825010,107),(970,'ARMED',1179148695,107),(971,'CONFLICT',-1958149661,107),(972,'BUHAUG',53321848,107),(973,'2008',-1471576885,107),(974,'INTL',484572554,108),(975,'OUTLOOK',-2112566261,108),(976,'2009',-548490147,108),(977,'EIA',-1452272781,108),(978,'2009',-548490147,108),(979,'LA',483288048,109),(980,'2020',-1801163141,109),(981,'NIC',1261149630,109),(982,'2004',-1577072416,109),(983,'MEXICOCARIBCENTRALAM',-1614788415,110),(984,'CLIMATECHANGE',-205471153,110),(985,'IMPACT',888211329,110),(986,'THROUGH',-2062437856,110),(987,'2030',-1916838086,110),(988,'NIC',1261149630,110),(989,'2010',-1081524808,110),(990,'OCEAN',-1686662482,111),(991,'CHEMISTRY',592411590,111),(992,'NEWS',726037732,111),(993,'REPORT',886550530,111),(994,'2010',-1081524808,111),(995,'OIL',-631838184,112),(996,'PALMS',330056236,112),(997,'RIGHTS',-241691003,112),(998,'ABUSES',-1162827980,112),(999,'COLOMBIA',-397785476,112),(1000,'IPS',-925683129,112),(1001,'2009',-548490147,112),(1002,'OIL',-631838184,113),(1003,'SPILL',779220569,113),(1004,'DEVASTATES',-518841344,113),(1005,'THE',-1428017300,113),(1006,'AMAZON',1906528241,113),(1008,'PERU',261358904,113),(1009,'HILL',587797555,113),(1010,'2010',-1081524808,113),(1011,'OUTLOOK',-2112566261,114),(1012,'FOR',2043825010,114),(1013,'ENERGY',1743371799,114),(1014,'THROUGH',-2062437856,114),(1015,'2030',-1916838086,114),(1016,'EXXON',-593344708,114),(1018,'2009',-548490147,114),(1019,'PALM',-810546579,115),(1020,'PLANTERS',-658906107,115),(1022,'DISPLACED',2111759358,115),(1023,'PERSONS',-1659291191,115),(1024,'WAIT',1266380369,115),(1025,'FOR',2043825010,115),(1026,'NEW',-45873457,115),(1027,'GOVERNMENT',-1595183201,115),(1028,'COLOMBIA',-397785476,115),(1029,'IPS',-925683129,115),(1031,'2010',-1081524808,115),(1032,'PERU',261358904,116),(1033,'PROTEST',-353231863,116),(1034,'LEADER',85667153,116),(1035,'TAKES',733640801,116),(1036,'REFUGE',219240449,116),(1037,'BBC',-1580876527,116),(1038,'2009',-548490147,116),(1039,'RISK',1335048437,117),(1041,'POVERTY',-126445622,117),(1043,'A',-740712821,117),(1044,'CHANGING',1775861483,117),(1045,'CLIMATE',95488749,117),(1046,'UN',393336697,117),(1047,'2009',-548490147,117),(1048,'THE',-1428017300,118),(1049,'WORLDS',68775862,118),(1050,'WOMEN',-347183639,118),(1051,'DESA',-751951668,118),(1052,'2010',-1081524808,118),(1053,'TRANSBOUNDRY',-1812937967,119),(1054,'AQUIFERS',-1093260489,119),(1055,'OAS',-1618514459,119),(1056,'2004',-1577072416,119),(1057,'UNEP',1106668274,120),(1058,'HANDBOOK',959675632,120),(1059,'FOR',2043825010,120),(1060,'DRAFTING',-764540990,120),(1061,'LAWS',-2042227533,120),(1063,'RE',-807233482,120),(1064,'UNEP',1106668274,120),(1065,'2007',955685210,120),(1066,'WATER',208131690,121),(1067,'SECTOR',-1151656338,121),(1068,'REFORM',634261633,121),(1070,'GUYANA',-82808930,121),(1071,'2003',1067146563,121),(1072,'IPCC',-1620710665,122),(1073,'AR4',656471430,122),(1074,'CHAP',1415961351,122),(1075,'05',-936583121,122),(1076,'FOOD',-491928509,122),(1077,'FIBRE',178822692,122),(1079,'FORESTS',-386982953,122),(1080,'IPCC',-1620710665,123),(1081,'AR4',656471430,123),(1082,'CHAP',1415961351,123),(1083,'06',1361424789,123),(1084,'COASTAL',1461136389,123),(1085,'SYSTEMS',1592272552,123),(1086,'IPCC',-1620710665,124),(1087,'AR4',656471430,124),(1088,'CHAP',1415961351,124),(1089,'13',945058907,124),(1090,'LATIN',-1545378886,124),(1091,'AMERICA',-1744473186,124),(1092,'IPCC',-1620710665,125),(1093,'AR4',656471430,125),(1094,'CHAP',1415961351,125),(1095,'16',1212055764,125),(1096,'SMALL',-2112804701,125),(1097,'ISLANDS',1681732888,125),(1098,'IPCC',-1620710665,126),(1099,'AR4',656471430,126),(1100,'CHAP',1415961351,126),(1101,'19',-662594235,126),(1102,'ASSESSING',-421295462,126),(1103,'KEY',473426211,126),(1104,'VULNERABILITIES',644922964,126),(1105,'USDA',648235874,127),(1106,'JUN2009',949870948,127),(1107,'COMMAND',-1316023090,128),(1108,'STRATEGY',-764028511,128),(1109,'2018',-1319979638,128),(1110,'ENERGY',1743371799,129),(1111,'HUNGRY',907938772,129),(1112,'CHINA',-1749352300,129),(1113,'SETS',-1575442331,129),(1114,'SIGHTS',985974048,129),(1115,'ON',-1487131230,129),(1116,'LA',483288048,129),(1117,'THE',-1428017300,129),(1118,'WASHINGTON',-1719580415,129),(1119,'DIPLOMAT',-1229315270,129),(1120,'2008',-1471576885,129),(1121,'SOLAR',1868640341,130),(1122,'TENT',294059940,130),(1123,'MANUAL',-534546110,130),(1124,'ENGLISH',331807770,130),(1125,'SOLAR',1868640341,131),(1126,'TENT',294059940,131),(1127,'MANUAL',-534546110,131),(1128,'SPANISH',190647086,131),(1129,'HAITI',596970726,132),(1130,'CHOLERA',-1961603,132),(1131,'HAITI',596970726,132),(1132,'CHOLERA',-1961603,132),(1133,'UPDATE',1759376126,132),(1134,'30',-1821685917,132),(1135,'NOV.PDF',-402732143,132),(1136,'PERU',261358904,133),(1137,'REPORT',886550530,133),(1138,'WHIX',1293687285,133),(1139,'ENVIRONMENT',-886747958,133),(1140,'ENERGY',1743371799,133),(1141,'AS',1524198645,133),(1142,'IS',-1845434627,133),(1143,'COUNTRY',1815492476,133),(1144,'PROFILE',-1106095083,133),(1145,'',0,133),(1146,'',0,133),(1147,'PERU.PDF',-1334245585,133),(1148,'HAITI',596970726,134),(1149,'CHOLERA',-1961603,134),(1150,'HAIT',1124149656,134),(1151,'CHOLERA',-1961603,134),(1152,'MAP',84600881,134),(1153,'4',-206169288,134),(1154,'DEC',-368486556,134),(1155,'2010.PDF',1129700012,134),(1156,'REPORT',886550530,135),(1157,'ST. LUCIA',-671600675,135),(1158,'WHIX',1293687285,135),(1159,'ENVIRONMENT',-886747958,135),(1160,'ENERGY',1743371799,135),(1161,'AS',1524198645,135),(1162,'IS',-1845434627,135),(1163,'COUNTRY',1815492476,135),(1164,'',0,135),(1165,'PROFILE',-1106095083,135),(1166,'ST.',-1816470428,135),(1167,'LUCIA.PDF',-592067393,135),(1168,'REPORT',886550530,136),(1169,'ST. VINCENT & THE GRENADINES',1462357632,136),(1170,'WHIX',1293687285,136),(1171,'ENVIRONMENT',-886747958,136),(1172,'ENERGY',1743371799,136),(1173,'AS',1524198645,136),(1174,'IS',-1845434627,136),(1175,'COUNTRY',1815492476,136),(1176,'',0,136),(1177,'PROFILE',-1106095083,136),(1178,'ST.',-1816470428,136),(1179,'VINCENT',-269356575,136),(1180,'&',1010288,136),(1181,'THE',-1428017300,136),(1182,'GRENADINES.PDF',1742343023,136),(1183,'REPORT',886550530,137),(1184,'BOLIVIA',-2085063136,137),(1185,'WHIX',1293687285,137),(1186,'ENVIRONMENT',-886747958,137),(1187,'ENERGY',1743371799,137),(1188,'AS',1524198645,137),(1189,'IS',-1845434627,137),(1190,'COUNTRY',1815492476,137),(1191,'PROFILE',-1106095083,137),(1192,'',0,137),(1193,'',0,137),(1194,'BOLIVIA.PDF',-1369699597,137),(1195,'REPORT',886550530,138),(1196,'ANTIGUA & BARBADOS',1752657976,138),(1197,'WHIX',1293687285,138),(1198,'ENVIRONMENT',-886747958,138),(1199,'ENERGY',1743371799,138),(1200,'AS',1524198645,138),(1201,'IS',-1845434627,138),(1202,'COUNTRY',1815492476,138),(1203,'PROFILE',-1106095083,138),(1204,'ANTIGUA',-770705599,138),(1205,'AND',-1856841241,138),(1206,'BARBUDA.PDF',76265142,138),(1207,'REPORT',886550530,139),(1208,'ARGENTINA',1427962982,139),(1209,'WHIX',1293687285,139),(1210,'ENVIRONMENT',-886747958,139),(1211,'ENERGY',1743371799,139),(1212,'AS',1524198645,139),(1213,'IS',-1845434627,139),(1214,'COUNTRY',1815492476,139),(1215,'PROFILE',-1106095083,139),(1216,'ARGENTINA.PDF',1499110728,139),(1217,'REPORT',886550530,140),(1218,'BAHAMAS',-1567281490,140),(1219,'WHIX',1293687285,140),(1220,'ENVIRONMENT',-886747958,140),(1221,'AS',1524198645,140),(1222,'IS',-1845434627,140),(1223,'COUNTRY',1815492476,140),(1224,'PROFILE',-1106095083,140),(1225,'BAHAMAS.PDF',-1388904894,140),(1226,'REPORT',886550530,141),(1227,'BARBADOS',1579912993,141),(1228,'WHIX',1293687285,141),(1229,'ENVIRONMENT',-886747958,141),(1230,'AS',1524198645,141),(1231,'IS',-1845434627,141),(1232,'COUNTRY',1815492476,141),(1233,'PROFILE',-1106095083,141),(1234,'BARBADOS.PDF',251351673,141),(1235,'WHIX',1293687285,142),(1236,'ENVIRONMENT',-886747958,142),(1237,'BELIZE',-1960145674,142),(1238,'AS',1524198645,142),(1239,'IS',-1845434627,142),(1240,'COUNTRY',1815492476,142),(1241,'PROFILE',-1106095083,142),(1242,'BELIZE.PDF',1486649882,142),(1243,'WHIX',1293687285,143),(1244,'CANADA',-1027564698,143),(1245,'ENVIRONMENT',-886747958,143),(1246,'AS',1524198645,143),(1247,'IS',-1845434627,143),(1248,'COUNTRY',1815492476,143),(1249,'PROFILE',-1106095083,143),(1250,'CANADA.PDF',1462029337,143),(1251,'WHIX',1293687285,144),(1252,'CHILE',-1562335729,144),(1253,'ENVIRONMENT',-886747958,144),(1254,'AS',1524198645,144),(1255,'IS',-1845434627,144),(1256,'COUNTRY',1815492476,144),(1257,'PROFILE',-1106095083,144),(1258,'CHILE.PDF',-443594839,144),(1259,'WHIX',1293687285,145),(1260,'COLOMBIA',-397785476,145),(1261,'ENVIRONMENT',-886747958,145),(1262,'AS',1524198645,145),(1263,'IS',-1845434627,145),(1264,'COUNTRY',1815492476,145),(1265,'PROFILE',-1106095083,145),(1266,'COLOMBIA.PDF',-150575978,145),(1267,'WHIX',1293687285,146),(1268,'COASTA RICA',1329813121,146),(1269,'ENVIRONMENT',-886747958,146),(1270,'ENERGY',1743371799,146),(1271,'AS',1524198645,146),(1272,'IS',-1845434627,146),(1273,'COUNTRY',1815492476,146),(1274,'PROFILE',-1106095083,146),(1275,'COSTA',-1410276272,146),(1276,'RICA.PDF',1746307674,146),(1277,'WHIX',1293687285,147),(1278,'CUBA',17209365,147),(1279,'ENVIRONMENT',-886747958,147),(1280,'ENERGY',1743371799,147),(1281,'AS',1524198645,147),(1282,'IS',-1845434627,147),(1283,'COUNTRY',1815492476,147),(1284,'PROFILE',-1106095083,147),(1285,'CUBA.PDF',-1289380112,147),(1286,'DOMINICA',1117569509,148),(1287,'WHIX',1293687285,148),(1288,'ENVIRONMENT',-886747958,148),(1289,'ENERGY',1743371799,148),(1290,'AS',1524198645,148),(1291,'IS',-1845434627,148),(1292,'COUNTRY',1815492476,148),(1293,'PROFILE',-1106095083,148),(1294,'DOMINICA.PDF',844492754,148),(1295,'ECUADOR',1423950991,149),(1296,'WHIX',1293687285,149),(1297,'ENVIRONMENT',-886747958,149),(1298,'ENERGY',1743371799,149),(1299,'AS',1524198645,149),(1300,'IS',-1845434627,149),(1301,'COUNTRY',1815492476,149),(1302,'PROFILE',-1106095083,149),(1303,'ECUADOR.PDF',1334154185,149),(1304,'EL SALVADOR',-1706270194,150),(1305,'WHIX',1293687285,150),(1306,'ENVIRONMENT',-886747958,150),(1307,'ENERGY',1743371799,150),(1308,'AS',1524198645,150),(1309,'IS',-1845434627,150),(1310,'COUNTRY',1815492476,150),(1311,'PROFILE',-1106095083,150),(1312,'EL',-1279417340,150),(1313,'SALVADOR.PDF',1819113596,150),(1314,'GRENADA',1388894642,151),(1315,'WHIX',1293687285,151),(1316,'ENVIRONMENT',-886747958,151),(1317,'ENERGY',1743371799,151),(1318,'AS',1524198645,151),(1319,'IS',-1845434627,151),(1320,'COUNTRY',1815492476,151),(1321,'PROFILE',-1106095083,151),(1322,'GRENADA.PDF',-1243962827,151),(1323,'GUATEMALA',-511872305,152),(1324,'WHIX',1293687285,152),(1325,'ENVIRONMENT',-886747958,152),(1326,'ENERGY',1743371799,152),(1327,'AS',1524198645,152),(1328,'IS',-1845434627,152),(1329,'COUNTRY',1815492476,152),(1330,'PROFILE',-1106095083,152),(1331,'GUATEMALA.PDF',846778430,152),(1332,'GUYANA',-82808930,153),(1333,'WHIX',1293687285,153),(1334,'ENVIRONMENT',-886747958,153),(1335,'ENERGY',1743371799,153),(1336,'AS',1524198645,153),(1337,'IS',-1845434627,153),(1338,'COUNTRY',1815492476,153),(1339,'PROFILE',-1106095083,153),(1340,'GUYANA.PDF',2013684810,153),(1341,'HAITI',596970726,154),(1342,'WHIX',1293687285,154),(1343,'ENVIRONMENT',-886747958,154),(1344,'ENERGY',1743371799,154),(1345,'AS',1524198645,154),(1346,'IS',-1845434627,154),(1347,'COUNTRY',1815492476,154),(1348,'PROFILE',-1106095083,154),(1349,'HAITI.PDF',1390456744,154),(1350,'HONDURAS',1037299056,155),(1351,'WHIX',1293687285,155),(1352,'ENVIRONMENT',-886747958,155),(1353,'ENERGY',1743371799,155),(1354,'AS',1524198645,155),(1355,'IS',-1845434627,155),(1356,'COUNTRY',1815492476,155),(1357,'PROFILE',-1106095083,155),(1358,'HONDURAS.PDF',1053261479,155),(1359,'JAMAICA',-1625533265,156),(1360,'WHIX',1293687285,156),(1361,'ENVIRONMENT',-886747958,156),(1362,'ENERGY',1743371799,156),(1363,'AS',1524198645,156),(1364,'IS',-1845434627,156),(1365,'COUNTRY',1815492476,156),(1366,'PROFILE',-1106095083,156),(1367,'JAMAICA.PDF',-20636750,156),(1368,'MEXICO',-556613907,157),(1369,'WHIX',1293687285,157),(1370,'ENVIRONMENT',-886747958,157),(1371,'ENERGY',1743371799,157),(1372,'AS',1524198645,157),(1373,'IS',-1845434627,157),(1374,'COUNTRY',1815492476,157),(1375,'PROFILE',-1106095083,157),(1376,'MEXICO.PDF',1057969588,157),(1377,'NICARAGUA',-1512750223,158),(1378,'WHIX',1293687285,158),(1379,'ENVIRONMENT',-886747958,158),(1380,'ENERGY',1743371799,158),(1381,'AS',1524198645,158),(1382,'IS',-1845434627,158),(1383,'COUNTRY',1815492476,158),(1384,'PROFILE',-1106095083,158),(1385,'NICARAGUA.PDF',-49031848,158),(1386,'PANAMA',-1774170086,159),(1387,'WHIX',1293687285,159),(1388,'ENVIRONMENT',-886747958,159),(1389,'ENERGY',1743371799,159),(1390,'AS',1524198645,159),(1391,'IS',-1845434627,159),(1392,'COUNTRY',1815492476,159),(1393,'PROFILE',-1106095083,159),(1394,'PANAMA.PDF',-1129142470,159),(1395,'ST. KITTS & NEVIS',38230479,160),(1396,'WHIX',1293687285,160),(1397,'ENVIRONMENT',-886747958,160),(1398,'ENERGY',1743371799,160),(1399,'AS',1524198645,160),(1400,'IS',-1845434627,160),(1401,'COUNTRY',1815492476,160),(1402,'PROFILE',-1106095083,160),(1403,'ST.',-1816470428,160),(1404,'KITTS',1209898880,160),(1405,'AND',-1856841241,160),(1406,'NEVIS.PDF',-1589728615,160),(1407,'SURINAME',-1842269642,161),(1408,'WHIX',1293687285,161),(1409,'ENVIRONMENT',-886747958,161),(1410,'ENERGY',1743371799,161),(1411,'AS',1524198645,161),(1412,'IS',-1845434627,161),(1413,'COUNTRY',1815492476,161),(1414,'PROFILE',-1106095083,161),(1415,'SURINAME.PDF',743187548,161),(1416,'TRINIDAD & TOBAGO',650107059,162),(1417,'WHIX',1293687285,162),(1418,'ENVIRONMENT',-886747958,162),(1419,'ENERGY',1743371799,162),(1420,'AS',1524198645,162),(1421,'IS',-1845434627,162),(1422,'COUNTRY',1815492476,162),(1423,'PROFILE',-1106095083,162),(1424,'TRINIDAD',-959664607,162),(1425,'AND',-1856841241,162),(1426,'TOBAGO.PDF',882857114,162),(1427,'URUGUAY',-900338718,163),(1428,'WHIX',1293687285,163),(1429,'ENVIRONMENT',-886747958,163),(1430,'ENERGY',1743371799,163),(1431,'AS',1524198645,163),(1432,'IS',-1845434627,163),(1433,'COUNTRY',1815492476,163),(1434,'PROFILE',-1106095083,163),(1435,'URUGUAY.PDF',1661170504,163),(1436,'VENEZUELA',1756062718,164),(1437,'WHIX',1293687285,164),(1438,'ENVIRONMENT',-886747958,164),(1439,'ENERGY',1743371799,164),(1440,'AS',1524198645,164),(1441,'IS',-1845434627,164),(1442,'COUNTRY',1815492476,164),(1443,'PROFILE',-1106095083,164),(1444,'VENEZUELA.PDF',604888992,164),(1445,'PARAGUAY',1640796588,165),(1446,'WHIX',1293687285,165),(1447,'ENVIRONMENT',-886747958,165),(1448,'ENERGY',1743371799,165),(1449,'AS',1524198645,165),(1450,'IS',-1845434627,165),(1451,'COUNTRY',1815492476,165),(1452,'REPORT',886550530,165),(1453,'PARAGUAY.PDF',-1607861517,165),(1454,'MEXICO',-556613907,166),(1455,'GRID',414528643,166),(1456,'ACOSTA.PDF',1109048128,166),(1457,'PERU',261358904,167),(1458,'GRID',414528643,167),(1459,'CHAVEZ.PDF',1555218328,167),(1460,'LATIN AMERICA',-1023278686,168),(1461,'GRID',414528643,168),(1462,'CYRO.PDF',-933017474,168),(1463,'URUGUAY',-900338718,169),(1464,'GRID',414528643,169),(1465,'DI',-624139830,169),(1466,'CHIARA.PDF',617452253,169),(1467,'JAMAICA',-1625533265,170),(1468,'GRID',414528643,170),(1469,'DSTENNET.PDF',281552265,170),(1470,'OECD',1049051411,171),(1471,'GRID',414528643,171),(1472,'ELZINGA.PDF',-575591343,171),(1473,'PANAMA',-1774170086,172),(1474,'GRID',414528643,172),(1475,'FDIAZ.PDF',-1499921372,172),(1476,'USA',91966168,173),(1477,'GRID',414528643,173),(1478,'INTEGRATION',1894449011,173),(1479,'HAUSER.PDF',-1840731773,173),(1480,'CEPAL',-1894833980,174),(1481,'GRID',414528643,174),(1482,'HUGOALTOMONTE.PDF',-1620474139,174),(1483,'ITALY',-393389186,175),(1484,'GRID',414528643,175),(1485,'LIVIOGALLO.PDF',-927977771,175),(1486,'ITALY',-393389186,176),(1487,'GRID',414528643,176),(1488,'M',-630205792,176),(1489,'CAPRA.PDF',-992329548,176),(1490,'CEPAL',-1894833980,177),(1491,'GRID',414528643,177),(1492,'MICHELEDENIGRIS1.PDF',-1795205195,177),(1493,'CHILE',-1562335729,178),(1494,'GRID',414528643,178),(1495,'SERRANO.PDF',-1818683082,178),(1496,'EUROPE',-1200906408,179),(1497,'GRID',414528643,179),(1498,'VAN',-277440061,179),(1499,'HOVE.PDF',1076275051,179),(1500,'COOPERATION',-254394877,180),(1501,'GRID',414528643,180),(1502,'YANG.PDF',894254613,180),(1503,'GRID',414528643,181),(1504,'ACOSTA',403991335,181);
/*!40000 ALTER TABLE `files_tags` ENABLE KEYS */;
UNLOCK TABLES;

--
-- Table structure for table `files_type`
--

DROP TABLE IF EXISTS `files_type`;
SET @saved_cs_client     = @@character_set_client;
SET character_set_client = utf8;
CREATE TABLE `files_type` (
  `typeid` int(10) NOT NULL auto_increment,
  `typename` varchar(25) NOT NULL,
  `hashed` int(25) NOT NULL,
  `online` int(1) default '1',
  PRIMARY KEY  (`typeid`),
  KEY `typeid` (`typeid`),
  KEY `Index 2` (`typename`),
  KEY `Index 3` (`hashed`)
) ENGINE=InnoDB AUTO_INCREMENT=6 DEFAULT CHARSET=latin1;
SET character_set_client = @saved_cs_client;

--
-- Dumping data for table `files_type`
--

LOCK TABLES `files_type` WRITE;
/*!40000 ALTER TABLE `files_type` DISABLE KEYS */;
INSERT INTO `files_type` VALUES (1,'ANALYSIS',-973055108,1),(2,'DATA AND REPORTS',-1645035091,1),(3,'HISTORIC DOCUMENT',1262729482,1),(4,'INITIATIVES',-857106650,1),(5,'NEWS ARTICLES',2101616251,1);
/*!40000 ALTER TABLE `files_type` ENABLE KEYS */;
UNLOCK TABLES;

--
-- Table structure for table `messages`
--

DROP TABLE IF EXISTS `messages`;
SET @saved_cs_client     = @@character_set_client;
SET character_set_client = utf8;
CREATE TABLE `messages` (
  `mesgid` int(10) NOT NULL auto_increment,
  `name` varchar(50) NOT NULL,
  `email` varchar(50) NOT NULL,
  `subject` varchar(50) NOT NULL,
  `mesg` varchar(250) NOT NULL,
  `read` tinyint(1) NOT NULL default '1',
  `online` tinyint(1) NOT NULL default '1',
  PRIMARY KEY  (`mesgid`),
  KEY `mesgid` (`mesgid`)
) ENGINE=MyISAM AUTO_INCREMENT=3 DEFAULT CHARSET=latin1;
SET character_set_client = @saved_cs_client;

--
-- Dumping data for table `messages`
--

LOCK TABLES `messages` WRITE;
/*!40000 ALTER TABLE `messages` DISABLE KEYS */;
INSERT INTO `messages` VALUES (1,'sergio','rodriguez@gmail.com','test','	ipsum ac mi eleifend egestas. Sed pharetra, felis eget varius ultrices, mauris ipsum porta elit, a feugiat tellus lorem eu metus. In lorem. Donec elementum, lorem ut aliquam iaculis, lacus pede sagittis augue, eu tempor erat neque non quam. Pellente',1,0),(2,'wqwe','wqewqe','wqeqe','wqewqe',1,1);
/*!40000 ALTER TABLE `messages` ENABLE KEYS */;
UNLOCK TABLES;

--
-- Table structure for table `users`
--

DROP TABLE IF EXISTS `users`;
SET @saved_cs_client     = @@character_set_client;
SET character_set_client = utf8;
CREATE TABLE `users` (
  `userid` int(10) NOT NULL auto_increment,
  `userroll` int(10) NOT NULL,
  `username` varchar(25) NOT NULL,
  `passwd` varchar(100) NOT NULL,
  `email` varchar(50) NOT NULL,
  `online` tinyint(1) NOT NULL default '1',
  PRIMARY KEY  (`userid`),
  KEY `userid` (`userid`),
  KEY `FK_users_users_roll` (`userroll`),
  CONSTRAINT `FK_users_users_roll` FOREIGN KEY (`userroll`) REFERENCES `users_roll` (`rollid`) ON DELETE CASCADE ON UPDATE CASCADE
) ENGINE=InnoDB AUTO_INCREMENT=10 DEFAULT CHARSET=latin1;
SET character_set_client = @saved_cs_client;

--
-- Dumping data for table `users`
--

LOCK TABLES `users` WRITE;
/*!40000 ALTER TABLE `users` DISABLE KEYS */;
INSERT INTO `users` VALUES (1,1,'admin','b3321f0a83386115e7e96cf19fef2b55','admin@admin.com',1),(2,2,'author','02bd92faa38aaa6cc0ea75e59937a1ef','auth@auth.com',1),(3,4,'public','4c9184f37cff01bcdc32dc486ec36961','public@pub.com',0),(4,3,'none','4c9184f37cff01bcdc32dc486ec36961','none@none.com',0),(5,1,'sdsd','4c9184f37cff01bcdc32dc486ec36961','sdsd',0),(6,1,'sdsd','4c9184f37cff01bcdc32dc486ec36961','sdsd',0),(7,1,'test','4c9184f37cff01bcdc32dc486ec36961','test',0),(8,1,'test1','4c9184f37cff01bcdc32dc486ec36961','test1',0),(9,1,'more','71578635bca441327fd99ed12ea49ab6','sergio.f.rodriguez@saic.com',1);
/*!40000 ALTER TABLE `users` ENABLE KEYS */;
UNLOCK TABLES;

--
-- Table structure for table `users_roll`
--

DROP TABLE IF EXISTS `users_roll`;
SET @saved_cs_client     = @@character_set_client;
SET character_set_client = utf8;
CREATE TABLE `users_roll` (
  `rollid` int(10) NOT NULL auto_increment,
  `rolltype` varchar(25) NOT NULL,
  PRIMARY KEY  (`rollid`),
  KEY `Index 1` (`rollid`)
) ENGINE=InnoDB AUTO_INCREMENT=5 DEFAULT CHARSET=latin1;
SET character_set_client = @saved_cs_client;

--
-- Dumping data for table `users_roll`
--

LOCK TABLES `users_roll` WRITE;
/*!40000 ALTER TABLE `users_roll` DISABLE KEYS */;
INSERT INTO `users_roll` VALUES (1,'Admin'),(2,'Author'),(3,'User'),(4,'Public');
/*!40000 ALTER TABLE `users_roll` ENABLE KEYS */;
UNLOCK TABLES;
/*!40103 SET TIME_ZONE=@OLD_TIME_ZONE */;

/*!40101 SET SQL_MODE=@OLD_SQL_MODE */;
/*!40014 SET FOREIGN_KEY_CHECKS=@OLD_FOREIGN_KEY_CHECKS */;
/*!40014 SET UNIQUE_CHECKS=@OLD_UNIQUE_CHECKS */;
/*!40101 SET CHARACTER_SET_CLIENT=@OLD_CHARACTER_SET_CLIENT */;
/*!40101 SET CHARACTER_SET_RESULTS=@OLD_CHARACTER_SET_RESULTS */;
/*!40101 SET COLLATION_CONNECTION=@OLD_COLLATION_CONNECTION */;
/*!40111 SET SQL_NOTES=@OLD_SQL_NOTES */;

-- Dump completed on 2011-03-28 19:15:00
